編號,導航,店名,評分,評論數,消費金額,地址（完成）,營業時間,首圖,ah5Ghc 3,線上點餐link,線上點餐
1,https://www.google.com/maps/place/Coffee+HABU+Co.+%E5%92%96%E5%95%A1%E5%93%88%E5%B7%AD/data=!4m7!3m6!1s0x3442a90f8120659d:0x76d55bc4ef743b75!8m2!3d25.0207471!4d121.4682762!16s%2Fg%2F11t4gy29f6!19sChIJnWUggQ-pQjQRdTt078Rb1XY?authuser=0&hl=zh-TW&rclk=1,Coffee HABU Co. 咖啡哈巭,4.7,(779),$200-400,文化路一段270巷3弄24號,· 開始營業時間：11:00,https://lh3.googleusercontent.com/gps-cs-s/APNQkAGfjjCFv2IIVL-wxM3JL4WUWYeTMmLPeZWYZqfgOpHZVPeUR6cNSiFUtsGuJsnGDlxSBPyOYQPsMofDy2tH5WdHiE6-JFi-G1Z3dQdVQHlVYrpMpcyDRS8VrqdpvQW_TtMsnRUK=w122-h92-k-no,外送,https://www.google.com/searchviewer/42?cvd=CLw_EicKJeICIjIgEhkiF9LX29IPEQoNL2cvMTF0NGd5MjlmNhgAOgMI8A0%3D&g2lbs=AIBNGdWNQH6Ic9MjRWlLeIFm3ipwVpCcVNUjv3sMXRN1BHeRrrNohn5dkYRuL8Y6NNKNQKQ7e7K6&hl=zh-Hant-TW&gl=tw&fo_m=MfohQo559jFvMUOzJVpjPL1YMfZ3bInYwBDuMfaXTPp5KXh-&utm_source=tactile&gei=cy_yaaetIPam1e8P7LS4gAU&ei=cy_yaaetIPam1e8P7LS4gAU&fo_s=OA&opi=79508299&ebb=1&cs=0&foub=mcpp,線上點餐
2,https://www.google.com/maps/place/Merci+Cafe%28%E7%87%9F%E6%A5%AD%E6%99%82%E9%96%93%E8%A9%B3%E8%A6%8BIG%29/data=!4m7!3m6!1s0x3442a81e8ec93585:0x7af768d9e0a1a048!8m2!3d25.010337!4d121.4634209!16s%2Fg%2F11g_ms64h!19sChIJhTXJjh6oQjQRSKCh4Nlo93o?authuser=0&hl=zh-TW&rclk=1,Merci Cafe(營業時間詳見IG),4.2,"(2,252)",$200-400,新民街7巷17號,· 開始營業時間：09:00,https://lh3.googleusercontent.com/gps-cs-s/APNQkAH9LeMtZ3Sb7E1bz0BQIiufvTxvFiWVkM_cejMagtTrzR7hO7UScHTzie20qVTeX8-ezQKvhYbiXWWFDpHdkn3nHoHYidNWJxNVHvSzY4ttJKSAi1w2De4kCQQUruwJWWTgw2BT=w163-h92-k-no,無外送服務,,
3,https://www.google.com/maps/place/%E6%97%AD%E8%88%8A%E5%92%96%E5%95%A1+Shiujiou%E2%80%99s+cafe!/data=!4m7!3m6!1s0x3442a9646c6ea4b3:0xa5d6f3c200f11858!8m2!3d25.0128361!4d121.4706195!16s%2Fg%2F11k56gj1qy!19sChIJs6RubGSpQjQRWBjxAMLz1qU?authuser=0&hl=zh-TW&rclk=1,旭舊咖啡 Shiujiou’s cafe!,4.4,(574),$200-400,中山路一段206巷39號,· 開始營業時間：11:00,https://lh3.googleusercontent.com/gps-cs-s/APNQkAHh7Lrxz2sXF7X6y9XigS9RzqBzcueVAZWpLTFQZmKi8ZWX2fzsy9_GmWkLH1VEKHLLRkgJN7W0qY_WMZMRly4OU0r0dzVBpgnKOe4irXcKggPvYX7x9vUH3WL6qDnIopm1qUN2=w122-h92-k-no,無外送服務,,
4,https://www.google.com/maps/place/%E7%A8%BC%E5%92%96%E5%95%A1Jia+Cafe+Co-working+space/data=!4m7!3m6!1s0x3442a81f91e9375b:0x513a781c62f85cbc!8m2!3d25.0083561!4d121.4676912!16s%2Fg%2F11df7yd509!19sChIJWzfpkR-oQjQRvFz4Yhx4OlE?authuser=0&hl=zh-TW&rclk=1,稼咖啡Jia Cafe Co-working space,4.5,(867),$200-400,民族路129巷10號,· 開始營業時間：11:00,https://lh3.googleusercontent.com/gps-cs-s/APNQkAHv_y7blqXF0lnyuL1d-IumhFcvOBPfSYtm1qNYBHRBF4-MmkGI5IvktrtBmIELXzDOb7-EkxKrpUZN3dRmCRozLDAZ97EWHigA-p8UFjVSmymvvkXl37jLM-Br0E4N3qDSybIi=w122-h92-k-no,無外送服務,,
5,https://www.google.com/maps/place/%E6%A0%96.Studio+%E6%94%B6%E9%A9%9A%E5%92%96%E5%95%A1%E9%A4%A8+%E9%9D%88%E6%B0%A3%E7%99%82%E7%99%92+%E5%86%A5%E6%83%B3%E8%A6%BA%E5%AF%9F/data=!4m7!3m6!1s0x3442a9b29f2a3b79:0x38e7a365d2dbe387!8m2!3d25.0172402!4d121.4627442!16s%2Fg%2F11tkbpn8gl!19sChIJeTsqn7KpQjQRh-Pb0mWj5zg?authuser=0&hl=zh-TW&rclk=1,栖.Studio 收驚咖啡館 靈氣療癒 冥想覺察,5.0,(342),$200-400,光正街18巷2號,· 開始營業時間：12:00,https://lh3.googleusercontent.com/gps-cs-s/APNQkAFPH3SZLe0v3fyf-jnBje8Hy1b-UKNOmHE8u7dvQjCSv5b8GiO2s9mwzEJV0uIBUv5ER9hl5TG1uEL45SjfKzll-ZfwJOObMLf8z-GDvfb9KMuw3ZHrFICy9q6YCkRRAqZFxsQ6=w122-h92-k-no,,,
6,https://www.google.com/maps/place/Merci+vielle/data=!4m7!3m6!1s0x3442a81d5318045f:0x3a4930dd7b47003c!8m2!3d25.0096556!4d121.4571433!16s%2Fg%2F11cn0ph6bz!19sChIJXwQYUx2oQjQRPABHe90wSTo?authuser=0&hl=zh-TW&rclk=1,Merci vielle,4.5,(956),$200-400,府中路50號2樓,· 開始營業時間：13:00,https://lh3.googleusercontent.com/gps-cs-s/APNQkAF8s7bMeW3rJoRIntWXAbAbHitDwHMqhgSYuBlVu32E3J29aLS60fQFsaa1wSDxW01n8IFCwdsGYMIm5hkzL8ya2bn6MHBLM67dJx036y6llAejrBYq0WCe-8T948aziv0F=w122-h92-k-no,無外送服務,,
7,https://www.google.com/maps/place/Merci+cr%C3%A8me/data=!4m7!3m6!1s0x3442a819d3a430d1:0x7ed6a0b91f3f3f6!8m2!3d25.0176546!4d121.4665234!16s%2Fg%2F11cs0phbrg!19sChIJ0TCk0xmoQjQR9vPzkQtq7Qc?authuser=0&hl=zh-TW&rclk=1,Merci crème,4.5,(783),$$,漢生東路43巷34號,· 開始營業時間：11:00,https://lh3.googleusercontent.com/gps-cs-s/APNQkAFHLCJK_eiib2IwYsToWoEtTHHJbCe_2sROTwz2sRDj-IeIK5P0WVJmc5PnnlZxHEVn5VwIDZa-KdxAxyW0sp0uWoyPvf8-BA8pQU-lbXOdLL7MV_u_8ZqBbhxxUm7fUEAnhV4u=w138-h92-k-no,,https://www.google.com/searchviewer/42?cvd=CLw_EicKJeICIjIgEhkiF9LX29IPEQoNL2cvMTFjczBwaGJyZxgCOgMI8A0%3D&g2lbs=AIBNGdVa47sHTy5AH9kyq-5h_R4qx_GV5cklNZercaaB7NuG_zVwQRBNPqKUTXMUJo33QWbysPbM&hl=zh-Hant-TW&gl=tw&fo_m=MfohQo559jFvMUOzJVpjPL1YMfZ3bInYwBDuMfaXTPp5KXh-&utm_source=tactile&gei=cy_yaaetIPam1e8P7LS4gAU&ei=cy_yaaetIPam1e8P7LS4gAU&fo_s=OA&opi=79508299&orderType=2&ebb=1&cs=0&foub=mcpp,線上點餐
8,https://www.google.com/maps/place/New+Spark+%E6%96%B0%E7%81%AB%E8%8A%B1%E7%83%98%E7%84%99%E9%A4%90%E5%BB%B3/data=!4m7!3m6!1s0x346802a7bc245389:0x98d9bb8fbeba916d!8m2!3d25.0071188!4d121.4590284!16s%2Fg%2F11cmlzh8zy!19sChIJiVMkvKcCaDQRbZG6vo-72Zg?authuser=0&hl=zh-TW&rclk=1,New Spark 新火花烘焙餐廳,4.5,(560),$200-400,館前西路6號,開始營業時間：11:00,https://lh3.googleusercontent.com/gps-cs-s/APNQkAG3Orht9dnFd9ftgyg82ejAMED4_QiTSHdvYVvxuN3k4QSwuEwi2iTIowusNV9HuBQKvQaMzeww-GVZq4Xtnha09XVKuFp7LkN1hEhCubppivFt3KFicSFkABjJz6CAdExRBxukPQ=w122-h92-k-no,無外送服務,,
9,https://www.google.com/maps/place/%E5%93%A9%E5%93%89%E5%92%96%E5%95%A1+Uknowhere+Caf%C3%A9/data=!4m7!3m6!1s0x346803a55f27083d:0x70db34d5bf7b9136!8m2!3d25.0080602!4d121.4617443!16s%2Fg%2F11s_d6sm5s!19sChIJPQgnX6UDaDQRNpF7v9U023A?authuser=0&hl=zh-TW&rclk=1,哩哉咖啡 Uknowhere Café,4.4,(628),$200-400,公園街52巷3號,· 開始營業時間：10:30,https://lh3.googleusercontent.com/gps-cs-s/APNQkAE03wh4w01PEcysYGuwHxz7pqmL6V8uwXA2i6Jm7_CA4f6V5pOfAX-2K_-bWC0b76XbH04vcE3zObaznXEw31x_KMaS1CY7w2Abtf2MfVjGAev4Qv6Xhde1Mwv40E8BKHDabMUl=w122-h92-k-no,無外送服務,,
10,https://www.google.com/maps/place/Ferment+Caf%C3%A9%EF%BD%9C%E6%89%8B%E6%B2%96%E5%92%96%E5%95%A1%EF%BD%9C%E6%89%8B%E4%BD%9C%E7%94%9C%E9%BB%9E%EF%BD%9C%E5%8F%AF%E9%A0%8C%E4%B8%89%E6%98%8E%E6%B2%BB%EF%BD%9C%E4%B8%8B%E5%8D%88%E8%8C%B6/data=!4m7!3m6!1s0x346803c86e2d9555:0x2914b125ccb6328f!8m2!3d25.0082013!4d121.4544973!16s%2Fg%2F11vxh3dz95!19sChIJVZUtbsgDaDQRjzK2zCWxFCk?authuser=0&hl=zh-TW&rclk=1,Ferment Café｜手沖咖啡｜手作甜點｜可頌三明治｜下午茶,4.6,(213),$200-400,館前西路213巷7號1樓,· 開始營業時間：10:00,https://lh3.googleusercontent.com/gps-cs-s/APNQkAGdTLgGNh9MMALgKRIVvtS8Rc34M7ru8uy0prbVcaqLEJLKLZmtqfVPXM541TgUPc-72hV1GdMCqb96p1kTJjeB1kPK0grMuO5rNCT1HGOLaV9ncHOgr7A1WV69FctEPzWz45MvgBfjpiZi=w92-h92-k-no,無外送服務,,
11,https://www.google.com/maps/place/%E5%B0%8F%E5%AE%85%E5%AD%90%E5%92%96%E5%95%A1+shiaujhai.cafe/data=!4m7!3m6!1s0x3442a9af6217e9a1:0x2d069d2bfb579291!8m2!3d25.0139194!4d121.4605675!16s%2Fg%2F11pz0qjd4v!19sChIJoekXYq-pQjQRkZJX-yudBi0?authuser=0&hl=zh-TW&rclk=1,小宅子咖啡 shiaujhai.cafe,4.7,(240),$200-400,文化路一段45巷1弄5號1樓,· 開始營業時間：10:00,https://lh3.googleusercontent.com/gps-cs-s/APNQkAEWSLTtkXUSx-P-WS_Agq2N15dKeAlzMooYvDi9-ckhlRpOc252x_3Mt8-XthINbhoXTZvXeiArzM4A_yTgKvVFL3U5fRSrPyugWXuwnEQvlaUWKFZmVnrR5D1QD9TLa_gIsfcd=w122-h92-k-no,無外送服務,https://www.google.com/searchviewer/42?cvd=CLw_EicKJeICIjIgEhkiF9LX29IPEQoNL2cvMTFwejBxamQ0dhgAOgMI8A0%3D&g2lbs=AIBNGdUHGFxQRb8Flwcd3wA79OK4V3t6PVrmwnqZKvL_oonqRaj8mtgpiFoxoM5Rc9CELssixnb6&hl=zh-Hant-TW&gl=tw&fo_m=MfohQo559jFvMUOzJVpjPL1YMfZ3bInYwBDuMfaXTPp5KXh-&utm_source=tactile&gei=cy_yaaetIPam1e8P7LS4gAU&ei=cy_yaaetIPam1e8P7LS4gAU&fo_s=OA&opi=79508299&ebb=1&cs=0&foub=mcpp,線上點餐
12,https://www.google.com/maps/place/%E8%9A%93%E7%8F%88%E7%90%B2%28mimizu_coffeeshop%29/data=!4m7!3m6!1s0x3442a9e333f67e39:0x92ad52f824bfcf62!8m2!3d25.0289048!4d121.4744029!16s%2Fg%2F11ltp09l1f!19sChIJOX72M-OpQjQRYs-_JPhSrZI?authuser=0&hl=zh-TW&rclk=1,蚓珈琲(mimizu_coffeeshop),4.7,(306),$200-400,雙十路二段116號正陽骨科後方2樓,· 開始營業時間：12:00,https://lh3.googleusercontent.com/gps-cs-s/APNQkAG88aIMO9lixatODncrHivrhFiSNcLlVW9Z5cZkVYLJRNJSEsZPCKS54OyNEilh6kkVuKXijPE6OMEKMw3jqTKxEZ8oL_8371Kj1LZ06pQLcHDtvoHpKoKj4IAn4NW5py1xEh9YmQYXHpT5=w122-h92-k-no,,,
13,https://www.google.com/maps/place/%E9%82%A3%E8%A3%A1%E7%9A%84%E5%92%96%E5%95%A1%E5%BA%97/data=!4m7!3m6!1s0x3442a9cab6d91907:0x5bdf253a6e7b1186!8m2!3d25.0298816!4d121.4737545!16s%2Fg%2F11fd67_r0v!19sChIJBxnZtsqpQjQRhhF7bjol31s?authuser=0&hl=zh-TW&rclk=1,那裡的咖啡店,4.4,(569),$200-400,松柏街1巷8號,· 開始營業時間：11:00,https://lh3.googleusercontent.com/gps-cs-s/APNQkAHNYcSF1XuWi10hUeYa07_7K2oVWk_A_DwpfiAxiih3MhyILS94ZJ28nwHH45f3yaan9Yx1_H-pN2YTwxTNdBNZi_FcxGmuCXn9QUKzptnu2zP5ucvWOnIUNtn_-K2G5NxHwZ-W=w122-h92-k-no,外送,https://www.google.com/searchviewer/42?cvd=CLw_EicKJeICIjIgEhkiF9LX29IPEQoNL2cvMTFmZDY3X3IwdhgAOgMI8A0%3D&g2lbs=AIBNGdXC_XOS5bi_bMe9xtQRFU6oEeWDMdgwUvivL_n01-VZOQjNAMtyxQO0STQCj7hoRrNmAe_S&hl=zh-Hant-TW&gl=tw&fo_m=MfohQo559jFvMUOzJVpjPL1YMfZ3bInYwBDuMfaXTPp5KXh-&utm_source=tactile&gei=cy_yaaetIPam1e8P7LS4gAU&ei=cy_yaaetIPam1e8P7LS4gAU&fo_s=OA&opi=79508299&ebb=1&cs=0&foub=mcpp,線上點餐
14,https://www.google.com/maps/place/%E9%BB%9E%E6%BB%B4%E4%BA%8C%E4%B8%89%E5%AE%A4%EF%BD%9CCOFFEE+BIT+BY+BIT/data=!4m7!3m6!1s0x3442a900194ba915:0x7b3544e4c43a7729!8m2!3d25.0225759!4d121.4695591!16s%2Fg%2F11lp6clny1!19sChIJFalLGQCpQjQRKXc6xORENXs?authuser=0&hl=zh-TW&rclk=1,點滴二三室｜COFFEE BIT BY BIT,4.8,(309),$200-400,民生路二段234巷2弄1號,· 開始營業時間：12:00,https://lh3.googleusercontent.com/gps-cs-s/APNQkAEkY7AYQKC3KsV8cIfEfHIijbI5sqDio7c-39AhJls2qEo_Zkig3NoGCfVkkgLJc-XPEhWTXDGpCMYNGOicjSYBRh0TFjI6xNu4V7UT2iKnSc2hwva8KJwL3Aw4LSA_n0e6pg-Q-4vCEJ6w=w122-h92-k-no,外送,https://www.google.com/searchviewer/42?cvd=CLw_EicKJeICIjIgEhkiF9LX29IPEQoNL2cvMTFscDZjbG55MRgAOgMI8A0%3D&g2lbs=AIBNGdVDs0IR8c8ZVCxsz8U7lFjEhkr_tPh7AVLtigcOPnPgbcn2FyD7wRZs8P3eBsEu59YSOz4H&hl=zh-Hant-TW&gl=tw&fo_m=MfohQo559jFvMUOzJVpjPL1YMfZ3bInYwBDuMfaXTPp5KXh-&utm_source=tactile&gei=cy_yaaetIPam1e8P7LS4gAU&ei=cy_yaaetIPam1e8P7LS4gAU&fo_s=OA&opi=79508299&ebb=1&cs=0&foub=mcpp,線上點餐
15,https://www.google.com/maps/place/%E9%99%8B%E5%AE%A4%E5%92%96%E5%95%A1+ROAST+COFFEE/data=!4m7!3m6!1s0x3442a814e46decc5:0x77031c49f422b197!8m2!3d25.0266825!4d121.4651885!16s%2Fg%2F11g889jrbr!19sChIJxext5BSoQjQRl7Ei9EkcA3c?authuser=0&hl=zh-TW&rclk=1,陋室咖啡 ROAST COFFEE,4.7,(235),$1-200,民有街63號,· 開始營業時間：12:00,https://lh3.googleusercontent.com/gps-cs-s/APNQkAED0yaawXozcI-d33jVqwohRNkxxzY1Y3Rm9al3WNcE3cOPqZZ-wv9qx4ouYJe-LuU4JS8we6o6Sd0x0CKBThO30sSiH9tGvce-xZHTMDvypKsNY06nfIrpwIXgR59UqbVQ2WKg=w122-h92-k-no,無外送服務,https://www.google.com/searchviewer/42?cvd=CLw_EicKJeICIjIgEhkiF9LX29IPEQoNL2cvMTFnODg5anJichgAOgMI8A0%3D&g2lbs=AIBNGdUF3ITv_9JPB--X0M-D68K0Uh5-g5gXLNlgfc12FjPEdUf2D9cSYjZ0Tv31LNPsZLnZY8fU&hl=zh-Hant-TW&gl=tw&fo_m=MfohQo559jFvMUOzJVpjPL1YMfZ3bInYwBDuMfaXTPp5KXh-&utm_source=tactile&gei=cy_yaaetIPam1e8P7LS4gAU&ei=cy_yaaetIPam1e8P7LS4gAU&fo_s=OA&opi=79508299&ebb=1&cs=0&foub=mcpp,線上點餐
16,https://www.google.com/maps/place/%E5%8D%8A%E5%88%BB%E5%92%96%E5%95%A1+HALF+MOMENT%EF%BD%9C%E6%89%8B%E6%B2%96%E3%83%BB%E8%87%AA%E5%AE%B6%E7%83%98%E7%84%99/data=!4m7!3m6!1s0x3468039e51362887:0x3dbfcef49ff27aa1!8m2!3d25.0009077!4d121.4653775!16s%2Fg%2F11vrlp8nxh!19sChIJhyg2UZ4DaDQRoXryn_TOvz0?authuser=0&hl=zh-TW&rclk=1,半刻咖啡 HALF MOMENT｜手沖・自家烘焙,5.0,(165),$1-200,重慶路245巷56號,· 開始營業時間：09:00,https://lh3.googleusercontent.com/gps-cs-s/APNQkAGF6l8qusW0VWU0PY9GMSh-QDu7sKg5a1ulMzrFU2F9IVnLETiH33Dt_h9eDnAp18lOhi50Xs9O-Y4wc3doROAfb4y6LUGx_nqWOc7w-viQeEPKFJp1oDN4QbGGEpJ14Ix08XCm=w122-h92-k-no,外送,,
17,https://www.google.com/maps/place/%E9%9D%92%E5%AF%93%E5%92%96%E5%95%A1/data=!4m7!3m6!1s0x3442a989389dcc59:0x5aca9f08aa9e0635!8m2!3d25.0269709!4d121.4779997!16s%2Fg%2F11l5jz3nls!19sChIJWcydOImpQjQRNQaeqgifylo?authuser=0&hl=zh-TW&rclk=1,青寓咖啡,5.0,(149),$200-400,大同街26巷8號,· 開始營業時間：12:00,https://lh3.googleusercontent.com/gps-cs-s/APNQkAGLiLe6slF-mFdLbm4ZfCFWw-CgwBV0j2sD918v2GuJ8aic93EXrifwCHl-djtWW-LJPciNgvHXSqghWFIyhxQJSDh_fUyIcxEIl8-zdV5ZyToo-OfAcdGLcAheC6g4KvRjuKX0VbksI6ei=w80-h106-k-no,外送,,
18,https://www.google.com/maps/place/CAFE!N+%E7%A1%AC%E5%92%96%E5%95%A1+%E6%9D%BF%E6%A9%8B%E4%B8%AD%E5%B1%B1%E9%96%80%E5%B8%82/data=!4m7!3m6!1s0x3442a97a809026f5:0x112bf0c0bee3ddee!8m2!3d25.0108458!4d121.4638672!16s%2Fg%2F11rww7flxw!19sChIJ9SaQgHqpQjQR7t3jvsDwKxE?authuser=0&hl=zh-TW&rclk=1,CAFE!N 硬咖啡 板橋中山門市,4.0,(484),$1-200,新民街45號,· 開始營業時間：07:30,https://lh3.googleusercontent.com/gps-cs-s/APNQkAGqz8HRoXg0G1IYQJAN96oBILiEfw8oShhUOJIWKQbztCFhAk5_oc7eRQPtAXH_eukUlyVO1DfX8uigwDPyqODFsQ0qiAtt6l5Nho7bHXE0bIENuJ7sJuAljvVhglSrAIzremdV=w80-h106-k-no,外送,https://www.google.com/searchviewer/42?cvd=CLw_EicKJeICIjIgEhkiF9LX29IPEQoNL2cvMTFyd3c3Zmx4dxgAOgMI8A0%3D&g2lbs=AIBNGdUgm50yFrxc6HmMpFDOqyKBYB7riS7DOnLWHdvQFKlln3hGokyxwBcLdj-NBB5R60UfsxNu&hl=zh-Hant-TW&gl=tw&fo_m=MfohQo559jFvMUOzJVpjPL1YMfZ3bInYwBDuMfaXTPp5KXh-&utm_source=tactile&gei=cy_yaaetIPam1e8P7LS4gAU&ei=cy_yaaetIPam1e8P7LS4gAU&fo_s=OA&opi=79508299&ebb=1&cs=0&foub=mcpp,線上點餐
19,https://www.google.com/maps/place/%E5%90%89%E7%B1%B3%E8%B2%93%E5%92%96%E5%95%A1%E9%A4%A8%EF%BC%88%E6%9D%BF%E6%A9%8B%E5%92%96%E5%95%A1%E5%BB%B3+%E8%B2%93%E5%92%AA%E5%92%96%E5%95%A1%E5%BB%B3%EF%BC%89/data=!4m7!3m6!1s0x3442a947027a833b:0xcd9808b687696a65!8m2!3d25.0112482!4d121.4664883!16s%2Fg%2F11l5j6_tpc!19sChIJO4N6AkepQjQRZWpph7YImM0?authuser=0&hl=zh-TW&rclk=1,吉米貓咖啡館（板橋咖啡廳 貓咪咖啡廳）,4.8,(406),$1-200,中山路一段158巷23號,· 開始營業時間：11:45,https://lh3.googleusercontent.com/gps-cs-s/APNQkAENpZM0ljneGLQo2FK9FkAjRb4Py3oklpklrfUb-TLS7zlET8o3VLvkk0idxscl3TjB3vKU1kkn6HkrPzIKB9MhYasJ2uxzE0BBAIBZshxSE1UNAYzCSoUjo95qvB7Kx8vSzB4=w122-h92-k-no,外送,,
20,https://www.google.com/maps/place/%E5%90%8C%E6%A8%82%E5%92%96%E5%95%A1/data=!4m7!3m6!1s0x3442a9e2a31b9e75:0x57c13f46d432718d!8m2!3d25.0227393!4d121.4667855!16s%2Fg%2F11rj54ghzw!19sChIJdZ4bo-KpQjQRjXEy1EY_wVc?authuser=0&hl=zh-TW&rclk=1,同樂咖啡,4.8,(143),$200-400,文化路一段435巷31弄17號1樓,· 開始營業時間：11:00,https://lh3.googleusercontent.com/gps-cs-s/APNQkAFK1WPHhBkzTscYxEUPFLxuXeSgNTAuZ4K8xf4DRFtK70SD_Lfn9nMi3hfdwDkme2znci360urOtwUI499KC0qAw2MtuatBSK-r5s6aZX4j1dFvAlHazLWwcYWujGtT6tzBvHgV=w122-h92-k-no,無外送服務,,
21,https://www.google.com/maps/place/Ten+Ten+Den+Den+%E9%BB%9E%E9%BB%9E%E7%94%9C%E7%94%9C/data=!4m7!3m6!1s0x3442a81a160431bf:0x1253b4b5e8b68236!8m2!3d25.0173549!4d121.461712!16s%2Fg%2F11c3tr8g_9!19sChIJvzEEFhqoQjQRNoK26LW0UxI?authuser=0&hl=zh-TW&rclk=1,Ten Ten Den Den 點點甜甜,4.3,"(1,790)",$$,光正街45巷2弄2號,· 開始營業時間：12:30,https://lh3.googleusercontent.com/gps-cs-s/APNQkAE0hRh4UWUSCpykST7Mp1tP-QGOaGeWvZ-AsQtUQ00ODWKAT3x7n3dFcAGgMwoy9K4e7x4wnKXF8MRnc8PwsCm1Fv2yyV6bJryIfAyJpuQt5vSi2OXKH7VAiCbl_EX6_1T1uQ0v5g=w122-h92-k-no,外送,https://www.google.com/searchviewer/42?cvd=CLw_EicKJeICIjIgEhkiF9LX29IPEQoNL2cvMTFjM3RyOGdfORgAOgMI8A0%3D&g2lbs=AIBNGdUDi_tuWCEewsN_haewvcRpgbHlIQSqavogu0AomBjMnh6D7prX5UST5F7rODnnqV7Fz-NH&hl=zh-Hant-TW&gl=tw&fo_m=MfohQo559jFvMUOzJVpjPL1YMfZ3bInYwBDuMfaXTPp5KXh-&utm_source=tactile&gei=gy_yacOvLPLE1e8PuY23mAE&ei=gy_yacOvLPLE1e8PuY23mAE&fo_s=OA&opi=79508299&ebb=1&cs=0&foub=mcpp,線上點餐
22,https://www.google.com/maps/place/W2cafe+%E6%9D%BF%E6%A9%8B%E9%A4%90%E5%BB%B3%E6%8E%A8%E8%96%A6%EF%BD%9C%E6%9D%BF%E6%A9%8B%E7%B4%84%E6%9C%83%E9%A4%90%E5%BB%B3%EF%BD%9C%E6%9D%BF%E6%A9%8B%E8%81%9A%E9%A4%90%EF%BD%9C%E4%B8%8B%E5%8D%88%E8%8C%B6%EF%BD%9C%E4%B8%8D%E9%99%90%E6%99%82%E5%92%96%E5%95%A1%E5%BB%B3%EF%BD%9C%E6%B1%9F%E5%AD%90%E7%BF%A0%E7%BE%8E%E9%A3%9F%EF%BD%9C%E8%A6%AA%E5%AD%90%E9%A4%90%E5%BB%B3%EF%BD%9C%E5%AF%B5%E7%89%A9%E5%8F%8B%E5%96%84%EF%BD%9C%E5%8C%85%E5%A0%B4%E7%A9%BA%E9%96%93/data=!4m7!3m6!1s0x3442a9c37aff747f:0xb7c008d939023615!8m2!3d25.0311145!4d121.4726214!16s%2Fg%2F11kz543d2n!19sChIJf3T_esOpQjQRFTYCOdkIwLc?authuser=0&hl=zh-TW&rclk=1,W2cafe 板橋餐廳推薦｜板橋約會餐廳｜板橋聚餐｜下午茶｜不限時咖啡廳｜江子翠美食｜親子餐廳｜寵物友善｜包場空間,4.7,"(1,299)",$200-400,雙十路三段10巷24號1樓,· 開始營業時間：11:00,https://lh3.googleusercontent.com/gps-cs-s/APNQkAEQUTcVvYDiyX3vIbVZ4EEDsUUC_1XWg4-k5oHO31YoHeGhJUudGDf-mKBTVBCqulN5x3Sa9a36_NztT3bfWCNdzawNQ6C_dphUZ7URVnk15ohgSQuAOE71X5YH1CdCPGTStuDgEA=w122-h92-k-no,外送,https://www.google.com/searchviewer/42?cvd=CLw_EicKJeICIjIgEhkiF9LX29IPEQoNL2cvMTFrejU0M2QybhgAOgMI8A0%3D&g2lbs=AIBNGdVEKv9TMa3tHIS40rtIEn50Gywj6_yMepE-ZuSsRMxLsIt5cPSyjljGnDDT0dye3sXgM0_x&hl=zh-Hant-TW&gl=tw&fo_m=MfohQo559jFvMUOzJVpjPL1YMfZ3bInYwBDuMfaXTPp5KXh-&utm_source=tactile&gei=gy_yacOvLPLE1e8PuY23mAE&ei=gy_yacOvLPLE1e8PuY23mAE&fo_s=OA&opi=79508299&ebb=1&cs=0&foub=mcpp,線上點餐
23,https://www.google.com/maps/place/%E4%B9%85%E7%9B%8A%E4%B9%85%E5%92%96%E5%95%A1%E5%9D%8A/data=!4m7!3m6!1s0x346802a81e23fa81:0xc5a85d7240f5fdf1!8m2!3d25.0093851!4d121.4560686!16s%2Fg%2F11g6mc6jdw!19sChIJgfojHqgCaDQR8f31QHJdqMU?authuser=0&hl=zh-TW&rclk=1,久益久咖啡坊,4.9,(281),$1-200,福德街2號1樓,· 開始營業時間：10:00,https://lh3.googleusercontent.com/gps-cs-s/APNQkAEBnoUkfgmXvK5FJiCml3qRK5z1FugNSREWumiOgwRKXSQPeXSOvGWt8nGvMoYOYX3X4ZPofcuA8XW1Ry9FfHEyIjeEr6gPu6PdypipjFOyYKuAsC7J-amKKGn3Epjz66vDgiUKkJdRQswO=w122-h92-k-no,無外送服務,,
24,https://www.google.com/maps/place/KDI+CAFE/data=!4m7!3m6!1s0x3442a943097aeeb3:0x902e6b822ca960e7!8m2!3d25.028279!4d121.4752677!16s%2Fg%2F11wxcsgj7v!19sChIJs-56CUOpQjQR52CpLIJrLpA?authuser=0&hl=zh-TW&rclk=1,KDI CAFE,4.9,(120),$200-400,雙十路二段70巷1號,· 開始營業時間：13:00,https://lh3.googleusercontent.com/gps-cs-s/APNQkAEcb26SNOq3en8V6q3bnc9xNk74KE8y5Kf36yTGlEt7skyzIuHWgQN9qanCckS2w_8IJvWd2lOAA5uz8IxteIyRVja0ppI7ahkycCGdUugsbrbDJCAEq88Ui_uF8COw5VYYhxY0=w122-h92-k-no,無外送服務,,
25,https://www.google.com/maps/place/Bethelight+Coffee+Roasters/data=!4m7!3m6!1s0x3442a9e69dc4feaf:0x9cd76198543b3603!8m2!3d25.0140059!4d121.4591225!16s%2Fg%2F11m_cr9pnf!19sChIJr_7EneapQjQRAzY7VJhh15w?authuser=0&hl=zh-TW&rclk=1,Bethelight Coffee Roasters,4.4,(178),$1-200,民權路204-1號202巷內,· 開始營業時間：09:30,https://lh3.googleusercontent.com/gps-cs-s/APNQkAGUdXikNaQhOc4Dl9kOjsjoSxNWrKfMUtBGs_AfVhc1GHoBRfw8oxbouKTg3t_C6PmGBvk6pfCkq4M0TbHHzOYmXKPBGpWXcbbMueshiHEnqCP0LbDMCiU7RNwUsfPi5gkGMCiqhg=w80-h106-k-no,無外送服務,,
26,https://www.google.com/maps/place/%E6%A3%B2%E6%9C%A8%E5%92%96%E5%95%A1/data=!4m7!3m6!1s0x3442a8410002325f:0x8c45a24be25db20f!8m2!3d25.0295761!4d121.4712948!16s%2Fg%2F11gdxmy01s!19sChIJXzICAEGoQjQRD7Jd4kuiRYw?authuser=0&hl=zh-TW&rclk=1,棲木咖啡,4.6,(539),$200-400,文化路二段263巷18號,· 開始營業時間：12:00,https://lh3.googleusercontent.com/gps-cs-s/APNQkAHBou3hUOSk3JFS5TPpTj6yxmqZqFlsUz9F4S4EhEWUmYrmaZxsMB5snI-2Aw2HL0w_v8LBwhoiycghnFAOZKUc8B_zKDUOno_CGhJ5zTzqEzDNKOPMb3yKHuZQdyFPxBm1MYFA=w122-h92-k-no,無外送服務,,
27,https://www.google.com/maps/place/ASPOON+CAFE/data=!4m7!3m6!1s0x3442a979cb9faa0d:0x359816a977fda956!8m2!3d25.0106638!4d121.4602683!16s%2Fg%2F11s3zjhrdp!19sChIJDaqfy3mpQjQRVqn9d6kWmDU?authuser=0&hl=zh-TW&rclk=1,ASPOON CAFE,4.4,(309),$200-400,文化路一段32巷22號,· 開始營業時間：09:00,https://lh3.googleusercontent.com/gps-cs-s/APNQkAGhgsGmMpvz2CwR08sLUK2UxRPpuL7n2wueMkGe8Gwo-SGnfZlw9t7x7z9MNW8lfD4Z6DVNz_qeCiwuGkM3qvBnbYnOlNs97uyATEvX4eyWaOFaH5vPZ133Q6WmQG0PbCZpKPKU=w122-h92-k-no,無外送服務,,
28,https://www.google.com/maps/place/%E3%83%8F%E3%83%BC%E3%83%95%E7%8F%88%E7%90%B2%EF%BC%88Hafu+coffee+roaster%29/data=!4m7!3m6!1s0x3442a99a8c429ee5:0xf9c7a2e2284cd83f!8m2!3d25.0250636!4d121.4706734!16s%2Fg%2F11fqylyc7j!19sChIJ5Z5CjJqpQjQRP9hMKOKix_k?authuser=0&hl=zh-TW&rclk=1,ハーフ珈琲（Hafu coffee roaster),4.7,(751),$200-400,莒光路39巷9號,· 開始營業時間：10:00,https://lh3.googleusercontent.com/gps-cs-s/APNQkAFDjMvYg9M9DLfgGw0izB5j_SSdvho7n7Wk0HSxzEZ3R5nqFbDLps2xOYDML7JpM8ikKg3Di9aqyIBLAjbfX1PUuxAhOnCxVbmK9MlWLGQ29njUkEAArLzIkLr9q84qz5zLgnJf=w163-h92-k-no,,,
29,https://www.google.com/maps/place/cafe+noote%EF%BC%88%E5%81%B6%E5%83%8F%E6%87%89%E6%8F%B4%E3%80%81%E5%8C%85%E5%A0%B4%E6%B4%BB%E5%8B%95%E8%AB%8B%E7%A7%81%E8%A8%8Aif%E3%80%81%E5%85%AC%E4%BC%91%E6%97%A5%E8%AB%8B%E5%8F%83%E8%80%83ig%E8%87%89%E6%9B%B8%E8%B2%BC%E6%96%87%E6%88%96%E9%99%90%E5%8B%95%EF%BC%89/data=!4m7!3m6!1s0x3442a9f70d741ffd:0x102f6ba16dfb2479!8m2!3d25.0289437!4d121.472374!16s%2Fg%2F11flk7cn92!19sChIJ_R90DfepQjQReST7baFrLxA?authuser=0&hl=zh-TW&rclk=1,cafe noote（偶像應援、包場活動請私訊if、公休日請參考ig臉書貼文或限動）,4.3,(320),$200-400,文化路二段182巷1弄99號,· 開始營業時間：11:00,https://lh3.googleusercontent.com/gps-cs-s/APNQkAHXM3k2lSo-3gKbCXU53X0eZKQ6m27VzMWDlcRPtTPS-i-F2YQpU9JTQxKLBz1IGSlmZpp_fyI7rHia0YucH7i57ABnmc_Zvw7_MdZ3VwKhAN7KjxLwAXarnjkvZEkj-K1yIztn=w122-h92-k-no,無外送服務,,
30,https://www.google.com/maps/place/Percent+CAFE+%25/data=!4m7!3m6!1s0x3442a84422ec9d17:0x65e84aaa616de963!8m2!3d25.0318442!4d121.4756228!16s%2Fg%2F11b6z2lxx9!19sChIJF53sIkSoQjQRY-ltYapK6GU?authuser=0&hl=zh-TW&rclk=1,Percent CAFE %,4.2,(697),$200-400,仁化街67號,· 開始營業時間：11:00,https://lh3.googleusercontent.com/gps-cs-s/APNQkAEaTESILTSdf-SDQdAmPqKKdvSkM5mVx0c2vgOxv3vHrFjUT55GI0GFDMb7bpv5vcjTFrF4MMBXqPyRhkCjp6dUlbfnkKpimzdhn4j4RypTMkZPE6EfuufZgaSCb9pNMROTnFb61g=w122-h92-k-no,外送,,
31,https://www.google.com/maps/place/%E4%B8%80%E7%B7%92%E9%A4%A8/data=!4m7!3m6!1s0x3442a9b28c4e8615:0x6b69253ef82641ad!8m2!3d25.011103!4d121.460051!16s%2Fg%2F11rfqg46hg!19sChIJFYZOjLKpQjQRrUEm-D4laWs?authuser=0&hl=zh-TW&rclk=1,一緒館,4.8,(69),$1-200,文化路一段32巷23號1樓,· 開始營業時間：08:00,https://lh3.googleusercontent.com/gps-cs-s/APNQkAEy3O6AOZtZvmbyYwWoJVqEF4UY-nl5FJ-FPA1RTmmc-dAlFqNi_2vXh4XJ7_WvHKmZDzu4DHap3eAi04sydR0pPN0F3qzRXwkY10m5ii8wON28r5_-O70WhIRIpmOQZbrqkwNPCw=w163-h92-k-no,無外送服務,,
32,https://www.google.com/maps/place/HWC+%E9%BB%91%E6%B2%83%E5%92%96%E5%95%A1+%7C+%E6%9D%BF%E6%A9%8B%E5%8D%97%E9%96%80%E5%BA%97+%7C+%E7%B2%BE%E5%93%81%E5%92%96%E5%95%A1/data=!4m7!3m6!1s0x3468037f901bfdfd:0xfe9a18f7cc3e59b9!8m2!3d25.0079742!4d121.4569695!16s%2Fg%2F11sfrr951r!19sChIJ_f0bkH8DaDQRuVk-zPcYmv4?authuser=0&hl=zh-TW&rclk=1,HWC 黑沃咖啡 | 板橋南門店 | 精品咖啡,4.6,(216),$1-200,南門街73號,· 開始營業時間：09:00,https://lh3.googleusercontent.com/gps-cs-s/APNQkAGcv0eHSw5-Xti39xyflglR8KTEh4_uMt2fpFIpqnLxYA5nQQBtGuxRJYNkfQGRJED69vgCvBRBA-FJIE3HFGzbELmpfNeYkNe7d6BMFRYAKg1kkl_At-rt_kOxDJ1H3H-fb5C-lg=w80-h100-k-no,外送,https://www.google.com/searchviewer/42?cvd=CLw_EicKJeICIjIgEhkiF9LX29IPEQoNL2cvMTFzZnJyOTUxchgBOgMI8A0%3D&g2lbs=AIBNGdVNLLxTjeWEqZp_VV_RXMJ9dfcFW70lEPzhVNeWSo1jApQ8ftseyEHVH5ASG53ZCywLEXbq&hl=zh-Hant-TW&gl=tw&fo_m=MfohQo559jFvMUOzJVpjPL1YMfZ3bInYwBDuMfaXTPp5KXh-&utm_source=tactile&gei=gy_yacOvLPLE1e8PuY23mAE&ei=gy_yacOvLPLE1e8PuY23mAE&fo_s=OA&opi=79508299&orderType=1&ebb=1&cs=0&foub=mcpp,線上點餐
33,https://www.google.com/maps/place/Pom+Pom+Cafe+%EF%BD%9C%E5%92%96%E5%95%A1+%E7%94%9C%E9%BB%9E+%E8%BC%95%E9%A3%9F+%EF%BD%9C%E5%AF%B5%E7%89%A9%E5%8F%8B%E5%96%84%EF%BD%9C%E6%9D%BF%E6%A9%8B%E8%BB%8A%E7%AB%99%E6%97%81/data=!4m7!3m6!1s0x3442a9c72ed75591:0x2359bbe30da66d0b!8m2!3d25.014421!4d121.459932!16s%2Fg%2F11rcn_kw11!19sChIJkVXXLsepQjQRC22mDeO7WSM?authuser=0&hl=zh-TW&rclk=1,Pom Pom Cafe ｜咖啡 甜點 輕食 ｜寵物友善｜板橋車站旁,4.8,(232),$1-200,民權路202巷6弄1號,· 開始營業時間：10:00,https://lh3.googleusercontent.com/gps-cs-s/APNQkAHmnxxf51hydCp2PDXQyjgo3QIwCA_vsAEuZPC-PVEo98zv3KOAjb67wbt7M3ES4g1ryfvNboPLaeupjPwad_aT6QtzUkuQL2xxxzp_9eAA1AKxS7QnP_dP4Us35GIZ3QkYKNrg=w122-h92-k-no,無外送服務,,
34,https://www.google.com/maps/place/Gentle+coffee%E7%B4%B3%E5%A3%AB%E5%92%96%E5%95%A1%2F%E8%87%AA%E5%AE%B6%E7%83%98%E7%84%99%2F%E6%89%8B%E6%B2%96%E5%92%96%E5%95%A1%2F%E6%89%8B%E4%BD%9C%E7%94%9C%E9%BB%9E/data=!4m7!3m6!1s0x3442a802bf14a753:0xc944e329a5fdf393!8m2!3d25.0107046!4d121.4558889!16s%2Fg%2F1q62crl3k!19sChIJU6cUvwKoQjQRk_P9pSnjRMk?authuser=0&hl=zh-TW&rclk=1,Gentle coffee紳士咖啡/自家烘焙/手沖咖啡/手作甜點,4.5,(425),$200-400,文昌街22號1樓,· 開始營業時間：12:00,https://lh3.googleusercontent.com/gps-cs-s/APNQkAEX9Xm5IjkmckK6W-KSlBXBmVPc27L8vSe3SoqlEsEJIhQFDrVyS9fqD2HQahoyCMF6gFvxaPcC8gkjzGvCATN9zwt9i6iWvPWW4i8RsAx-twwNzesBMuQP-LvDbkKoEP5OsyRP5Q=w122-h92-k-no,無外送服務,,
35,https://www.google.com/maps/place/%E5%BE%AE%E9%96%93%E7%B4%A0%E7%94%9F+MI-KAN+STUDIO/data=!4m7!3m6!1s0x34681dd7017a9c47:0xa745a996140ca04b!8m2!3d24.986036!4d121.4283542!16s%2Fg%2F11m_g7ffbj!19sChIJR5x6AdcdaDQRS6AMFJapRac?authuser=0&hl=zh-TW&rclk=1,微間素生 MI-KAN STUDIO,4.6,(593),$200-400,篤行路三段玉平巷79號1樓,· 開始營業時間：12:00,https://lh3.googleusercontent.com/gps-cs-s/APNQkAFamAIPnJQ87jrVHltVemIYBh747mLDsUrltME3I4cPu4w-OdA6zaQrVk413j8ksB4dg1WHW6LGJIxtzUrDn4v5mvBBm5Sz0vezuTd1Xt1nvOwypr7v48Zve_QTqFT5tzh7C3wIXw=w138-h92-k-no,無外送服務,,
36,https://www.google.com/maps/place/%E7%AA%A9%E9%87%8C%E8%BF%94+%E5%92%96%E5%95%A1-%E7%94%9C%E9%BB%9E%E5%B0%88%E8%B3%A3%E5%BA%97/data=!4m7!3m6!1s0x3442a81bb768fe51:0x3bbbf76b38750357!8m2!3d25.0155261!4d121.4610497!16s%2Fg%2F11f1mvr93k!19sChIJUf5otxuoQjQRVwN1OGv3uzs?authuser=0&hl=zh-TW&rclk=1,窩里返 咖啡-甜點專賣店,4.4,(409),,民權路202巷12弄13號1樓,· 開始營業時間：12:30,https://lh3.googleusercontent.com/gps-cs-s/APNQkAF3Cf8M2E2kM0GLJrs1MrX_nsqz3sNSFfsMfw40tCtQDh5DhA6vtVsGLZD-mvjyH6AROsY83oPGxrep-8QUMvH42S9hhb1yLoVxjb-wsa0DR89dkC_t8oLf0n8bcbtOTc3JBRk=w122-h92-k-no,外送,,
37,https://www.google.com/maps/place/%E5%B0%8F%E6%9C%A8%E5%92%96%E5%95%A1%E5%BA%97/data=!4m7!3m6!1s0x3442a9a8e2e705ff:0x6ad707b4203ae65b!8m2!3d25.0218587!4d121.4582909!16s%2Fg%2F11fmwqgdsy!19sChIJ_wXn4qipQjQRW-Y6ILQH12o?authuser=0&hl=zh-TW&rclk=1,小木咖啡店,4.9,(246),$1-200,新生街94號,· 開始營業時間：11:30,https://lh3.googleusercontent.com/gps-cs-s/APNQkAFFu8EUdLnLD_ioxrzNHhLx6elr_Dhy_3k8lQSw443LG-P70D6QwQ_VhC86gB0IaYFIcKEiTltFieLXfwbfqbBB0He9Fc0cBd1j95rzhOEZIQjAGVbm-w6TDZIVHkwEqwdxUTkJ=w122-h92-k-no,外送,,
38,https://www.google.com/maps/place/%F0%9F%90%B1%E8%B1%AC%E8%B1%AC%E5%92%96%E5%95%A1%F0%9F%90%B1%2F%E4%B8%8D%E9%99%90%E6%99%82%E5%92%96%E5%95%A1%E5%BA%97%E2%9D%A4%EF%B8%8F%EF%BC%88%E5%85%A7%E6%9C%89%E8%B2%93%E5%92%AA%EF%BC%89/data=!4m7!3m6!1s0x3442a9f23ec2a61f:0x48e950b8d9f6f56b!8m2!3d25.0195027!4d121.4678626!16s%2Fg%2F11hfnpfclx!19sChIJH6bCPvKpQjQRa_X22bhQ6Ug?authuser=0&hl=zh-TW&rclk=1,🐱豬豬咖啡🐱/不限時咖啡店❤️（內有貓咪）,4.8,(493),$1-200,文化路一段188巷7弄26號,· 開始營業時間：10:30,https://lh3.googleusercontent.com/gps-cs-s/APNQkAFBfUNvg9y93atVbJKg5s6MIxhiu6x-jXX0AUIwUdY-YKTzeptFZ3502WjMsyYmdwj8rqrGMUlYzjSfjsfSwpzukC1lUCEyCdS5lkJg9CH0a2UAjA61iOZW9UoCgAgQCcTTTFBR=w122-h92-k-no,外送,https://www.google.com/searchviewer/42?cvd=CLw_EicKJeICIjIgEhkiF9LX29IPEQoNL2cvMTFoZm5wZmNseBgCOgMI8A0%3D&g2lbs=AIBNGdXaUhVdzdDjVqJPaTBu5UXI0sE26Gf-rAbYPrrvAoDEpVwREVaeiaYmPuFiGFcpFROVCEyC&hl=zh-Hant-TW&gl=tw&fo_m=MfohQo559jFvMUOzJVpjPL1YMfZ3bInYwBDuMfaXTPp5KXh-&utm_source=tactile&gei=gy_yacOvLPLE1e8PuY23mAE&ei=gy_yacOvLPLE1e8PuY23mAE&fo_s=OA&opi=79508299&orderType=2&ebb=1&cs=0&foub=mcpp,線上點餐
39,https://www.google.com/maps/place/%E6%96%B0%E8%A3%95%E8%88%88%E5%92%96%E5%95%A1+SEEN+RU+HING+COFFEELLERY%EF%BD%9C%E5%AF%B5%E7%89%A9%E5%8F%8B%E5%96%84/data=!4m7!3m6!1s0x34681d663d947d5f:0xd33d7dcd16a9b8f7!8m2!3d25.0029602!4d121.4415258!16s%2Fg%2F11ldv7dg10!19sChIJX32UPWYdaDQR97ipFs19PdM?authuser=0&hl=zh-TW&rclk=1,新裕興咖啡 SEEN RU HING COFFEELLERY｜寵物友善,4.9,(115),$1-200,大觀路二段174巷159號2 樓,· 開始營業時間：10:00,https://lh3.googleusercontent.com/gps-cs-s/APNQkAGAPHHOoIuVzZz3b3MsuChwBw-OhN5iT_NJw6F8kEyRviWFzWfiU9UYPzGu6LFDhSZ68INjI0oSU4DK0YdvgxEQ68vxZrkjAnXvzS6oyNU2osi0EkUmKPfyJJW52o-UzTqp7Q72yqNn7FmT=w122-h92-k-no,無外送服務,,
40,https://www.google.com/maps/place/LEE+HO+%E5%92%96%E5%95%A1%26%E6%B2%B9%E7%95%AB%E9%AB%94%E9%A9%97%E6%95%99%E5%AE%A4/data=!4m7!3m6!1s0x3442a9c2a612b661:0xcdc9d11d75a1ee5d!8m2!3d25.0114914!4d121.4663822!16s%2Fg%2F11fq9rz17j!19sChIJYbYSpsKpQjQRXe6hdR3Ryc0?authuser=0&hl=zh-TW&rclk=1,LEE HO 咖啡&油畫體驗教室,4.8,(214),$1-200,中山路一段158巷15號1樓,· 開始營業時間：11:00,https://lh3.googleusercontent.com/gps-cs-s/APNQkAFTCa3y-kjYMNauCZbNI0Ex4HUReWwdMPnyC8Ocb6izyRQ3hmANp6qeYJ26lAhT9kRGA3oDJInBKBBp7IVT5pT1ayfuTBaWmJFdjwsxVpUGJTFKhbY-RkVFQvt22UyEWLrhW2st=w122-h92-k-no,無外送服務,,
41,https://www.google.com/maps/place/%E6%9C%89kaffe%E5%86%87%2F%E6%96%B0%E5%9F%94%E5%BA%97.%E6%96%B0%E5%8C%97%E6%89%8B%E6%B2%96%E5%92%96%E5%95%A1+%E6%96%B0%E5%8C%97%E5%92%96%E5%95%A1%E8%B1%86+%E6%9D%BF%E6%A9%8B%E5%8D%80%E5%92%96%E5%95%A1%E5%BB%B3+%E6%9D%BF%E6%A9%8B%E5%92%96%E5%95%A1%E8%B1%86/data=!4m7!3m6!1s0x3442a93dbfd0e84f:0x837705d21300e8c3!8m2!3d25.0226975!4d121.4702699!16s%2Fg%2F11yf3rs_2_!19sChIJT-jQvz2pQjQRw-gAE9IFd4M?authuser=0&hl=zh-TW&rclk=1,有kaffe冇/新埔店.新北手沖咖啡 新北咖啡豆 板橋區咖啡廳 板橋咖啡豆,4.9,(67),$200-400,民生路二段234巷77號,· 開始營業時間：10:30,https://lh3.googleusercontent.com/gps-cs-s/APNQkAH2HNRJd8nWVKe_KlB7ytN6C_-gmn_eafNL4hmxSN4bhuG9n0p4KdZ3CLKFpHM64wUnuHzipi3SJ7f8j8unonu3I7IfNaA0wOaOFkFazaEGE6HVSly9OiI1bue9xhD05HxoN7XbFm_K0Lxm=w122-h92-k-no,無外送服務,,
42,https://www.google.com/maps/place/DOSE+coffee+%E9%83%BD%E5%97%9C%E5%92%96%E5%95%A1%2F%E8%87%AA%E7%83%98%E5%92%96%E5%95%A1%E8%B1%86%E8%B2%A9%E5%94%AE%2F%E6%BF%BE%E6%8E%9B%E5%92%96%E5%95%A1/data=!4m7!3m6!1s0x3442a817c4ad7103:0x263a7b72420cf657!8m2!3d25.0189229!4d121.4677638!16s%2Fg%2F11f_hj_cf7!19sChIJA3GtxBeoQjQRV_YMQnJ7OiY?authuser=0&hl=zh-TW&rclk=1,DOSE coffee 都嗜咖啡/自烘咖啡豆販售/濾掛咖啡,4.7,(413),$1-200,文化路一段188巷9弄7號1樓,· 開始營業時間：10:00,https://lh3.googleusercontent.com/gps-cs-s/APNQkAGkDl36itnI1U7vCe4BbqsVA0TCW5obYzLnv63Cg4e0HuU7jsHqyL4h0LWQeCaqqwCaOQSh8CMdWI3nVnBz1_vqQmAKh6gP_rx4Pkame5rRpOCnbM6BwG4Wwmx5x4yCE0ioE_Nq=w137-h92-k-no,,,
43,https://www.google.com/maps/place/%E6%B3%8A%E6%B3%8A%E7%94%B0+%E5%92%96%E5%95%A1%E2%80%A2%E8%93%8B%E9%A3%AF+%7C+%E9%81%A9%E5%90%88%E7%9C%8B%E6%9B%B8%E5%B7%A5%E4%BD%9C%E7%9A%84%E5%AE%89%E9%9D%9C%E5%92%96%E5%95%A1%E5%BB%B3/data=!4m7!3m6!1s0x3442a9ea70cb9b97:0x250f9aa6d82dce4d!8m2!3d25.0139894!4d121.460437!16s%2Fg%2F11kwgynsph!19sChIJl5vLcOqpQjQRTc4t2KaaDyU?authuser=0&hl=zh-TW&rclk=1,泊泊田 咖啡•蓋飯 | 適合看書工作的安靜咖啡廳,4.3,(208),$1-200,文化路一段45巷18號,· 開始營業時間：週五11:30,https://lh3.googleusercontent.com/gps-cs-s/APNQkAH7xae-alruac5ZLuIMTi8goHUnqfEvh9S3XR0CmKQXEjxxGQMp5lkvFQJthOPEF92jfmrmfs63ohxX_UxwuesxO05FXE2zNBAIwowfUxPD1LNR8oQyCbAmF5fIGHWMJ0x1hAy_xA=w122-h92-k-no,無外送服務,,
44,https://www.google.com/maps/place/Caf%C3%A9+Wanderer%E5%92%96%E5%95%A1%E6%B5%AA%E9%81%8A/data=!4m7!3m6!1s0x3442a8165fa747ab:0x9dd3dd1d22918509!8m2!3d25.0215849!4d121.4656101!16s%2Fg%2F11f3_qt083!19sChIJq0enXxaoQjQRCYWRIh3d050?authuser=0&hl=zh-TW&rclk=1,Café Wanderer咖啡浪遊,4.4,(463),$200-400,陽明街27巷7號,· 開始營業時間：10:00,https://lh3.googleusercontent.com/gps-cs-s/APNQkAEu5y_GPkYlXO5K8bBsz2oIiZWZp5zNT02UigtzI6d5AMeRKH0oKi9ls5wbaCLdX4F7HXbHvWhJrvPw9oVks8OSU3S1_eMyErxosB_mVLoqXacB6rHvU9GhHG7h73le1Ql1d_i36g=w122-h92-k-no,外送,https://www.google.com/searchviewer/42?cvd=CLw_EicKJeICIjIgEhkiF9LX29IPEQoNL2cvMTFmM19xdDA4MxgAOgMI8A0%3D&g2lbs=AIBNGdWm-dIyrPsUJOlZTKZSGk8EdpPRvv4gYW1I8Xy3pIKGUlGZAXBZdRW8U4SSU_jHb27DdWBK&hl=zh-Hant-TW&gl=tw&fo_m=MfohQo559jFvMUOzJVpjPL1YMfZ3bInYwBDuMfaXTPp5KXh-&utm_source=tactile&gei=ty_yad_ONYDA1e8PypOD6QE&ei=ty_yad_ONYDA1e8PypOD6QE&fo_s=OA&opi=79508299&ebb=1&cs=0&foub=mcpp,線上點餐
45,https://www.google.com/maps/place/%E8%B2%B3%E5%B7%B7%E8%B2%93%E5%BC%84+%E6%9D%BF%E6%A9%8B%E5%BA%97%28%E6%9C%AA%E6%BB%BF12%E6%AD%B2%E5%AD%A9%E7%AB%A5%E5%83%85%E6%8E%A5%E5%8F%97%E9%9B%BB%E8%A9%B1%2F%E8%87%89%E6%9B%B8%E7%B2%89%E7%B5%B2%E5%9C%98%E9%A0%90%E7%B4%84%29/data=!4m7!3m6!1s0x3442a98b1f8e1365:0x290fa3bc43afc220!8m2!3d25.0168913!4d121.463158!16s%2Fg%2F11kpgtf4hv!19sChIJZROOH4upQjQRIMKvQ7yjDyk?authuser=0&hl=zh-TW&rclk=1,貳巷貓弄 板橋店(未滿12歲孩童僅接受電話/臉書粉絲團預約),4.6,(624),$200-400,光正街3號,· 開始營業時間：週五11:00,https://lh3.googleusercontent.com/gps-cs-s/APNQkAFdinmMDx8AbcyX2Xknn6tAIOD3vJw3Z7Me8pMa0J6YV_zv8xVR3A_nhF5rAWWdEh4ZEO_SfmP-sFndUQdUdUQaiuTCliSPScAkpUQtGlfJMFE874Maoy-5yq07SRhyS2llMO0k=w122-h92-k-no,無外送服務,"https://www.google.com/maps/reserve/v/dine/c/0xoKDHSh5MA?source=pa&opi=79508299&hl=zh-TW&gei=ty_yad_ONYDA1e8PypOD6QE&sourceurl=https://www.google.com/search?tbm%3Dmap%26authuser%3D0%26hl%3Dzh-TW%26gl%3Dtw%26pb%3D!4m12!1m3!1d11275.458989628069!2d121.45704409999999!3d25.062209850000002!2m3!1f0!2f0!3f0!3m2!1i1056!2i599!4f13.1!7i20!8i40!10b1!12m26!1m5!18b1!30b1!31m1!1b1!34e1!2m4!5m1!6e2!20e3!39b1!10b1!12b1!13b1!16b1!17m1!3e1!20m4!5e2!6b1!8b1!14b1!46m1!1b0!96b1!99b1!19m4!2m3!1i360!2i120!4i8!20m65!2m2!1i203!2i100!3m2!2i4!5b1!6m6!1m2!1i86!2i86!1m2!1i408!2i240!7m33!1m3!1e1!2b0!3e3!1m3!1e2!2b1!3e2!1m3!1e2!2b0!3e3!1m3!1e8!2b0!3e3!1m3!1e10!2b0!3e3!1m3!1e10!2b1!3e2!1m3!1e10!2b0!3e4!1m3!1e9!2b1!3e2!2b1!9b0!15m16!1m7!1m2!1m1!1e2!2m2!1i195!2i195!3i20!1m7!1m2!1m1!1e2!2m2!1i195!2i195!3i20!22m5!1saC_yaeHjFt21vr0Pv4HZuQE:254!2s1i:0,t:246204,p:aC_yaeHjFt21vr0Pv4HZuQE:254!7e81!12e22!17saC_yaeHjFt21vr0Pv4HZuQE:255!24m109!1m27!13m9!2b1!3b1!4b1!6i1!8b1!9b1!14b1!20b1!25b1!18m16!3b1!4b1!5b1!6b1!9b1!13b1!14b1!17b1!20b1!21b1!22b1!32b1!33m1!1b1!34b1!36e2!10m1!8e3!11m1!3e1!17b1!20m2!1e3!1e6!24b1!25b1!26b1!27b1!29b1!30m1!2b1!36b1!37b1!39m3!2m2!2i1!3i1!43b1!52b1!54m1!1b1!55b1!56m1!1b1!61m2!1m1!1e1!65m5!3m4!1m3!1m2!1i224!2i298!72m22!1m8!2b1!5b1!7b1!12m4!1b1!2b1!4m1!1e1!4b1!8m10!1m6!4m1!1e1!4m1!1e3!4m1!1e4!3sother_user_google_review_posts__and__hotel_and_vr_partner_review_posts!6m1!1e1!9b1!89b1!90m2!1m1!1e2!98m3!1b1!2b1!3b1!103b1!113b1!114m3!1b1!2m1!1b1!117b1!122m1!1b1!126b1!127b1!128m1!1b0!26m4!2m3!1i80!2i92!4i8!30m28!1m6!1m2!1i0!2i0!2m2!1i530!2i599!1m6!1m2!1i1006!2i0!2m2!1i1056!2i599!1m6!1m2!1i0!2i0!2m2!1i1056!2i20!1m6!1m2!1i0!2i579!2m2!1i1056!2i599!34m19!2b1!3b1!4b1!6b1!8m6!1b1!3b1!4b1!5b1!6b1!7b1!9b1!12b1!14b1!20b1!23b1!25b1!26b1!31b1!37m1!1e81!42b1!46m1!1e9!47m0!49m10!3b1!6m2!1b1!2b1!7m2!1e3!2b1!8b1!9b1!10e2!50m246!1m241!2m7!1u3!4z54ef5qWt5Lit!5e1!9s0ahUKEwiD_Y6su5OUAxVyYvUHHbnGDRMQ_KkBCAcoAg!10m2!3m1!1e1!2m7!1u2!4z6KmV5YiG5pyA6auY!5e1!9s0ahUKEwiD_Y6su5OUAxVyYvUHHbnGDRMQ_KkBCAgoAw!10m2!2m1!1e1!2m11!1u62!2e1!4s!5e3!9s0ahUKEwiD_Y6su5OUAxVyYvUHHbnGDRMQ_KkBCAkoBA!10m5!64m4!2m3!1i1!2i200!3sTWD!2m11!1u62!2e1!4s!5e3!9s0ahUKEwiD_Y6su5OUAxVyYvUHHbnGDRMQ_KkBCAooBQ!10m5!64m4!2m3!1i200!2i400!3sTWD!2m11!1u62!2e1!4s!5e3!9s0ahUKEwiD_Y6su5OUAxVyYvUHHbnGDRMQ_KkBCAsoBg!10m5!64m4!2m3!1i400!2i600!3sTWD!2m11!1u62!2e1!4s!5e3!9s0ahUKEwiD_Y6su5OUAxVyYvUHHbnGDRMQ_KkBCAwoBw!10m5!64m4!2m3!1i600!2i800!3sTWD!2m11!1u62!2e1!4s!5e3!9s0ahUKEwiD_Y6su5OUAxVyYvUHHbnGDRMQ_KkBCA0oCA!10m5!64m4!2m3!1i800!2i1000!3sTWD!2m11!1u62!2e1!4s!5e3!9s0ahUKEwiD_Y6su5OUAxVyYvUHHbnGDRMQ_KkBCA4oCQ!10m5!64m4!2m3!1i1000!2i1200!3sTWD!2m11!1u62!2e1!4s!5e3!9s0ahUKEwiD_Y6su5OUAxVyYvUHHbnGDRMQ_KkBCA8oCg!10m5!64m4!2m3!1i1200!2i1400!3sTWD!2m11!1u62!2e1!4s!5e3!9s0ahUKEwiD_Y6su5OUAxVyYvUHHbnGDRMQ_KkBCBAoCw!10m5!64m4!2m3!1i1400!2i1600!3sTWD!2m11!1u62!2e1!4s!5e3!9s0ahUKEwiD_Y6su5OUAxVyYvUHHbnGDRMQ_KkBCBEoDA!10m5!64m4!2m3!1i1600!2i1800!3sTWD!2m11!1u62!2e1!4s!5e3!9s0ahUKEwiD_Y6su5OUAxVyYvUHHbnGDRMQ_KkBCBIoDQ!10m5!64m4!2m3!1i1800!2i2000!3sTWD!2m10!1u62!2e1!4s!5e3!9s0ahUKEwiD_Y6su5OUAxVyYvUHHbnGDRMQ_KkBCBMoDg!10m4!64m3!2m2!1i2000!3sTWD!3m1!1u3!3m1!1u2!3m88!1u62!2m7!1m5!64m4!2m3!1i1!2i200!3sTWD!2s!2m7!1m5!64m4!2m3!1i200!2i400!3sTWD!2s!2m7!1m5!64m4!2m3!1i400!2i600!3sTWD!2s!2m7!1m5!64m4!2m3!1i600!2i800!3sTWD!2s!2m7!1m5!64m4!2m3!1i800!2i1000!3sTWD!2s!2m7!1m5!64m4!2m3!1i1000!2i1200!3sTWD!2s!2m7!1m5!64m4!2m3!1i1200!2i1400!3sTWD!2s!2m7!1m5!64m4!2m3!1i1400!2i1600!3sTWD!2s!2m7!1m5!64m4!2m3!1i1600!2i1800!3sTWD!2s!2m7!1m5!64m4!2m3!1i1800!2i2000!3sTWD!2s!2m6!1m4!64m3!2m2!1i2000!3sTWD!2s!4BIAE!2e2!3m2!1b1!3b1!59BQ2dBd0Fn!67m5!7b1!10b1!14b1!15m1!1b0!69i777!77b1%26q%3D%25E6%259D%25BF%25E6%25A9%258B%25E5%258D%2580%25E5%2592%2596%25E5%2595%25A1%25E5%25BB%25B3%26nfpr%3D1%26ech%3D3%26psi%3DaC_yaeHjFt21vr0Pv4HZuQE.1777479529345.1",訂位
46,https://www.google.com/maps/place/%E8%89%AF%E5%B8%AB%E5%A1%BE%E4%BA%BA%E6%96%87%E9%A3%9F%E9%A3%B2+Literati+cafe%EF%BD%9C%E5%A0%B4%E5%9C%B0%E7%A7%9F%E8%B3%83%EF%BD%9C300%E5%9D%AA%E8%A4%87%E5%90%88%E5%BC%8F%E5%92%96%E5%95%A1%E5%BB%B3%EF%BD%9C/data=!4m7!3m6!1s0x346802a7f2c7da77:0x81ab4967b3607000!8m2!3d25.0082526!4d121.4583994!16s%2Fg%2F11gfd4xc05!19sChIJd9rH8qcCaDQRAHBgs2dJq4E?authuser=0&hl=zh-TW&rclk=1,良師塾人文食飲 Literati cafe｜場地租賃｜300坪複合式咖啡廳｜,4.8,"(6,055)",$200-400,府中路29-2號3樓,· 開始營業時間：11:00,https://lh3.googleusercontent.com/gps-cs-s/APNQkAH3YdEnKeoxYehtWYWOV7u6GEOqvMn2FJH-JXlefELLmcQ7GXpLDhTXRnCqE-AWcqMZPVtOG9xmlh9xxFJdDLIj-xIsRQa8TJp-hW7WNQvWx_fK4YUFzzwvvGlaqYKQ9GeK61WMKw=w122-h92-k-no,外送,"https://www.google.com/maps/reserve/v/dine/c/kDxz8z-J55A?source=pa&opi=79508299&hl=zh-TW&gei=ty_yad_ONYDA1e8PypOD6QE&sourceurl=https://www.google.com/search?tbm%3Dmap%26authuser%3D0%26hl%3Dzh-TW%26gl%3Dtw%26pb%3D!4m12!1m3!1d11275.458989628069!2d121.45704409999999!3d25.062209850000002!2m3!1f0!2f0!3f0!3m2!1i1056!2i599!4f13.1!7i20!8i40!10b1!12m26!1m5!18b1!30b1!31m1!1b1!34e1!2m4!5m1!6e2!20e3!39b1!10b1!12b1!13b1!16b1!17m1!3e1!20m4!5e2!6b1!8b1!14b1!46m1!1b0!96b1!99b1!19m4!2m3!1i360!2i120!4i8!20m65!2m2!1i203!2i100!3m2!2i4!5b1!6m6!1m2!1i86!2i86!1m2!1i408!2i240!7m33!1m3!1e1!2b0!3e3!1m3!1e2!2b1!3e2!1m3!1e2!2b0!3e3!1m3!1e8!2b0!3e3!1m3!1e10!2b0!3e3!1m3!1e10!2b1!3e2!1m3!1e10!2b0!3e4!1m3!1e9!2b1!3e2!2b1!9b0!15m16!1m7!1m2!1m1!1e2!2m2!1i195!2i195!3i20!1m7!1m2!1m1!1e2!2m2!1i195!2i195!3i20!22m5!1saC_yaeHjFt21vr0Pv4HZuQE:254!2s1i:0,t:246204,p:aC_yaeHjFt21vr0Pv4HZuQE:254!7e81!12e22!17saC_yaeHjFt21vr0Pv4HZuQE:255!24m109!1m27!13m9!2b1!3b1!4b1!6i1!8b1!9b1!14b1!20b1!25b1!18m16!3b1!4b1!5b1!6b1!9b1!13b1!14b1!17b1!20b1!21b1!22b1!32b1!33m1!1b1!34b1!36e2!10m1!8e3!11m1!3e1!17b1!20m2!1e3!1e6!24b1!25b1!26b1!27b1!29b1!30m1!2b1!36b1!37b1!39m3!2m2!2i1!3i1!43b1!52b1!54m1!1b1!55b1!56m1!1b1!61m2!1m1!1e1!65m5!3m4!1m3!1m2!1i224!2i298!72m22!1m8!2b1!5b1!7b1!12m4!1b1!2b1!4m1!1e1!4b1!8m10!1m6!4m1!1e1!4m1!1e3!4m1!1e4!3sother_user_google_review_posts__and__hotel_and_vr_partner_review_posts!6m1!1e1!9b1!89b1!90m2!1m1!1e2!98m3!1b1!2b1!3b1!103b1!113b1!114m3!1b1!2m1!1b1!117b1!122m1!1b1!126b1!127b1!128m1!1b0!26m4!2m3!1i80!2i92!4i8!30m28!1m6!1m2!1i0!2i0!2m2!1i530!2i599!1m6!1m2!1i1006!2i0!2m2!1i1056!2i599!1m6!1m2!1i0!2i0!2m2!1i1056!2i20!1m6!1m2!1i0!2i579!2m2!1i1056!2i599!34m19!2b1!3b1!4b1!6b1!8m6!1b1!3b1!4b1!5b1!6b1!7b1!9b1!12b1!14b1!20b1!23b1!25b1!26b1!31b1!37m1!1e81!42b1!46m1!1e9!47m0!49m10!3b1!6m2!1b1!2b1!7m2!1e3!2b1!8b1!9b1!10e2!50m246!1m241!2m7!1u3!4z54ef5qWt5Lit!5e1!9s0ahUKEwiD_Y6su5OUAxVyYvUHHbnGDRMQ_KkBCAcoAg!10m2!3m1!1e1!2m7!1u2!4z6KmV5YiG5pyA6auY!5e1!9s0ahUKEwiD_Y6su5OUAxVyYvUHHbnGDRMQ_KkBCAgoAw!10m2!2m1!1e1!2m11!1u62!2e1!4s!5e3!9s0ahUKEwiD_Y6su5OUAxVyYvUHHbnGDRMQ_KkBCAkoBA!10m5!64m4!2m3!1i1!2i200!3sTWD!2m11!1u62!2e1!4s!5e3!9s0ahUKEwiD_Y6su5OUAxVyYvUHHbnGDRMQ_KkBCAooBQ!10m5!64m4!2m3!1i200!2i400!3sTWD!2m11!1u62!2e1!4s!5e3!9s0ahUKEwiD_Y6su5OUAxVyYvUHHbnGDRMQ_KkBCAsoBg!10m5!64m4!2m3!1i400!2i600!3sTWD!2m11!1u62!2e1!4s!5e3!9s0ahUKEwiD_Y6su5OUAxVyYvUHHbnGDRMQ_KkBCAwoBw!10m5!64m4!2m3!1i600!2i800!3sTWD!2m11!1u62!2e1!4s!5e3!9s0ahUKEwiD_Y6su5OUAxVyYvUHHbnGDRMQ_KkBCA0oCA!10m5!64m4!2m3!1i800!2i1000!3sTWD!2m11!1u62!2e1!4s!5e3!9s0ahUKEwiD_Y6su5OUAxVyYvUHHbnGDRMQ_KkBCA4oCQ!10m5!64m4!2m3!1i1000!2i1200!3sTWD!2m11!1u62!2e1!4s!5e3!9s0ahUKEwiD_Y6su5OUAxVyYvUHHbnGDRMQ_KkBCA8oCg!10m5!64m4!2m3!1i1200!2i1400!3sTWD!2m11!1u62!2e1!4s!5e3!9s0ahUKEwiD_Y6su5OUAxVyYvUHHbnGDRMQ_KkBCBAoCw!10m5!64m4!2m3!1i1400!2i1600!3sTWD!2m11!1u62!2e1!4s!5e3!9s0ahUKEwiD_Y6su5OUAxVyYvUHHbnGDRMQ_KkBCBEoDA!10m5!64m4!2m3!1i1600!2i1800!3sTWD!2m11!1u62!2e1!4s!5e3!9s0ahUKEwiD_Y6su5OUAxVyYvUHHbnGDRMQ_KkBCBIoDQ!10m5!64m4!2m3!1i1800!2i2000!3sTWD!2m10!1u62!2e1!4s!5e3!9s0ahUKEwiD_Y6su5OUAxVyYvUHHbnGDRMQ_KkBCBMoDg!10m4!64m3!2m2!1i2000!3sTWD!3m1!1u3!3m1!1u2!3m88!1u62!2m7!1m5!64m4!2m3!1i1!2i200!3sTWD!2s!2m7!1m5!64m4!2m3!1i200!2i400!3sTWD!2s!2m7!1m5!64m4!2m3!1i400!2i600!3sTWD!2s!2m7!1m5!64m4!2m3!1i600!2i800!3sTWD!2s!2m7!1m5!64m4!2m3!1i800!2i1000!3sTWD!2s!2m7!1m5!64m4!2m3!1i1000!2i1200!3sTWD!2s!2m7!1m5!64m4!2m3!1i1200!2i1400!3sTWD!2s!2m7!1m5!64m4!2m3!1i1400!2i1600!3sTWD!2s!2m7!1m5!64m4!2m3!1i1600!2i1800!3sTWD!2s!2m7!1m5!64m4!2m3!1i1800!2i2000!3sTWD!2s!2m6!1m4!64m3!2m2!1i2000!3sTWD!2s!4BIAE!2e2!3m2!1b1!3b1!59BQ2dBd0Fn!67m5!7b1!10b1!14b1!15m1!1b0!69i777!77b1%26q%3D%25E6%259D%25BF%25E6%25A9%258B%25E5%258D%2580%25E5%2592%2596%25E5%2595%25A1%25E5%25BB%25B3%26nfpr%3D1%26ech%3D3%26psi%3DaC_yaeHjFt21vr0Pv4HZuQE.1777479529345.1",訂位
47,https://www.google.com/maps/place/%E7%B4%80%E5%92%96%E5%95%A1+%E6%9D%BF%E6%A9%8B%E5%BA%97/data=!4m7!3m6!1s0x3442a9313df0854f:0x94687a5187fb4630!8m2!3d25.0139089!4d121.4637266!16s%2Fg%2F11n31r1vr7!19sChIJT4XwPTGpQjQRMEb7h1F6aJQ?authuser=0&hl=zh-TW&rclk=1,紀咖啡 板橋店,3.4,(222),$400-600,縣民大道二段7號2樓,· 開始營業時間：11:00,https://lh3.googleusercontent.com/gps-cs-s/APNQkAHywPNHjvAx50wX2vBrXuyb_T0GGidAbhERwTsRh5p8fPG9aIHGQMLXrelcm5_svm6DrMUxtZVMxt496omzSAhFB-a9k89D9EgJTQ-ejV6atjLbpwZvfZr9FmgKHIvDwL_ZwxsbpqtjKMA3=w122-h92-k-no,,,
48,https://www.google.com/maps/place/%E6%B2%90%E7%94%9CMu+Dessert/data=!4m7!3m6!1s0x3442a98249ab29d9:0x1ff8770da33fad9d!8m2!3d25.0102296!4d121.4603719!16s%2Fg%2F11mgfrxx3m!19sChIJ2SmrSYKpQjQRna0_ow13-B8?authuser=0&hl=zh-TW&rclk=1,沐甜Mu Dessert,4.6,(226),,明德街2巷14號,· 開始營業時間：週五13:00,https://lh3.googleusercontent.com/gps-cs-s/APNQkAFwnb0twNeMyVCVbrJlh0DhdK8XGK5zo6i4mtEKbyChL2K3W5SlAHe9VQuoXDga4KjosNV-Bp-pdaNYTa6oJpfDfv-5Ooe0XUUnqTUvHG-H_-FyT0ATu8xShtqb3Vq4PSk8FxIj=w122-h92-k-no,外送,https://www.google.com/searchviewer/42?cvd=CLw_EicKJeICIjIgEhkiF9LX29IPEQoNL2cvMTFtZ2ZyeHgzbRgAOgMI8A0%3D&g2lbs=AIBNGdVYmbhu9riEHyVr-srbfM6mxBFXUZEOruf6Yakya6tCpbD5ba0CQBHDgztDdLqkoAwtMjRm&hl=zh-Hant-TW&gl=tw&fo_m=MfohQo559jFvMUOzJVpjPL1YMfZ3bInYwBDuMfaXTPp5KXh-&utm_source=tactile&gei=ty_yad_ONYDA1e8PypOD6QE&ei=ty_yad_ONYDA1e8PypOD6QE&fo_s=OA&opi=79508299&ebb=1&cs=0&foub=mcpp,線上點餐
49,https://www.google.com/maps/place/%E5%BD%BC%E5%BE%97%E5%A5%BD%E5%92%96%E5%95%A1+%E6%9D%BF%E6%A9%8B%E6%96%87%E5%8C%96%E5%BA%97/data=!4m7!3m6!1s0x3442a9ccbb08a879:0xe65ce04cc727c6fc!8m2!3d25.0202569!4d121.4669265!16s%2Fg%2F11kj71288x!19sChIJeagIu8ypQjQR_MYnx0zgXOY?authuser=0&hl=zh-TW&rclk=1,彼得好咖啡 板橋文化店,4.7,(251),$1-200,介壽街2號,· 開始營業時間：07:30,https://lh3.googleusercontent.com/gps-cs-s/APNQkAE-2Vw65glf6XDYMUwj4VTvEnNaGJQvrJxnhArD4cDjdI2_2epJpU99-_lPIFpMmJL97dnuLlJtmlV8Qwp_XIgaMR4cPzvK4LhbRMyws3DCQaVwi-mYCFneLdBFD45ISwfQHtPh=w122-h92-k-no,外送,https://www.google.com/searchviewer/42?cvd=CLw_EicKJeICIjIgEhkiF9LX29IPEQoNL2cvMTFrajcxMjg4eBgAOgMI8A0%3D&g2lbs=AIBNGdWdJiXxd5qpHKNB4UKlul6jIWbbpVvyolaoZtG4C91WPNI18EuUcKPQ8hfbXYV7zKI4-ZLt&hl=zh-Hant-TW&gl=tw&fo_m=MfohQo559jFvMUOzJVpjPL1YMfZ3bInYwBDuMfaXTPp5KXh-&utm_source=tactile&gei=ty_yad_ONYDA1e8PypOD6QE&ei=ty_yad_ONYDA1e8PypOD6QE&fo_s=OA&opi=79508299&ebb=1&cs=0&foub=mcpp,線上點餐
50,https://www.google.com/maps/place/COFFEE+MAKER/data=!4m7!3m6!1s0x346802a7f1fa8423:0x3a89b81d05c3a3bf!8m2!3d25.008115!4d121.4580601!16s%2Fg%2F11cnxtr_9c!19sChIJI4T68acCaDQRv6PDBR24iTo?authuser=0&hl=zh-TW&rclk=1,COFFEE MAKER,4.8,(92),$1-200,東門街30-2號,· 開始營業時間：10:00,https://lh3.googleusercontent.com/gps-cs-s/APNQkAHZqkpOSKQdjBmhnPLDC0kHBYODLj6wUYMMM_R7wHJ7yzmW8_r8SouY5uzUP0ElbGLbk2Elfg7P-vdt_0Q1u0atyAdCqbDNDPLapINjLVNytFJlqFP7YbpYKyMdCChd2vf4RqnK=w80-h118-k-no,無外送服務,,
51,https://www.google.com/maps/place/%E6%8B%BE%E6%A2%AF%E7%94%9C%E6%97%A5%E5%BC%8F%E8%88%92%E8%8A%99%E8%95%BE_%E6%9D%BF%E6%A9%8B%E4%B8%80%E5%BA%97%28%E6%B0%91%E6%AC%8A%29/data=!4m7!3m6!1s0x3442a96326abb309:0x62a3bf49712be66a!8m2!3d25.0151024!4d121.4604812!16s%2Fg%2F11s76bg51z!19sChIJCbOrJmOpQjQRauYrcUm_o2I?authuser=0&hl=zh-TW&rclk=1,拾梯甜日式舒芙蕾_板橋一店(民權),4.7,(874),$200-400,民權路202巷10弄2號,· 開始營業時間：12:00,https://lh3.googleusercontent.com/gps-cs-s/APNQkAEWv7iSqB7GgOAMWk0xtq0_m_kXMv0_QjkM3gROeWgr2fNTieMEXJN2se5rnRanQOZPQxwFow3_w2TMeexjQYNXq-vFMHwi8m7FLgTSRCMZZEebkHpC-B7gxDyciSDZZhMtzes=w92-h92-k-no,外送,"https://www.google.com/maps/reserve/v/dine/c/eflrsILGHEw?source=pa&opi=79508299&hl=zh-TW&gei=ty_yad_ONYDA1e8PypOD6QE&sourceurl=https://www.google.com/search?tbm%3Dmap%26authuser%3D0%26hl%3Dzh-TW%26gl%3Dtw%26pb%3D!4m12!1m3!1d11275.458989628069!2d121.45704409999999!3d25.062209850000002!2m3!1f0!2f0!3f0!3m2!1i1056!2i599!4f13.1!7i20!8i40!10b1!12m26!1m5!18b1!30b1!31m1!1b1!34e1!2m4!5m1!6e2!20e3!39b1!10b1!12b1!13b1!16b1!17m1!3e1!20m4!5e2!6b1!8b1!14b1!46m1!1b0!96b1!99b1!19m4!2m3!1i360!2i120!4i8!20m65!2m2!1i203!2i100!3m2!2i4!5b1!6m6!1m2!1i86!2i86!1m2!1i408!2i240!7m33!1m3!1e1!2b0!3e3!1m3!1e2!2b1!3e2!1m3!1e2!2b0!3e3!1m3!1e8!2b0!3e3!1m3!1e10!2b0!3e3!1m3!1e10!2b1!3e2!1m3!1e10!2b0!3e4!1m3!1e9!2b1!3e2!2b1!9b0!15m16!1m7!1m2!1m1!1e2!2m2!1i195!2i195!3i20!1m7!1m2!1m1!1e2!2m2!1i195!2i195!3i20!22m5!1saC_yaeHjFt21vr0Pv4HZuQE:254!2s1i:0,t:246204,p:aC_yaeHjFt21vr0Pv4HZuQE:254!7e81!12e22!17saC_yaeHjFt21vr0Pv4HZuQE:255!24m109!1m27!13m9!2b1!3b1!4b1!6i1!8b1!9b1!14b1!20b1!25b1!18m16!3b1!4b1!5b1!6b1!9b1!13b1!14b1!17b1!20b1!21b1!22b1!32b1!33m1!1b1!34b1!36e2!10m1!8e3!11m1!3e1!17b1!20m2!1e3!1e6!24b1!25b1!26b1!27b1!29b1!30m1!2b1!36b1!37b1!39m3!2m2!2i1!3i1!43b1!52b1!54m1!1b1!55b1!56m1!1b1!61m2!1m1!1e1!65m5!3m4!1m3!1m2!1i224!2i298!72m22!1m8!2b1!5b1!7b1!12m4!1b1!2b1!4m1!1e1!4b1!8m10!1m6!4m1!1e1!4m1!1e3!4m1!1e4!3sother_user_google_review_posts__and__hotel_and_vr_partner_review_posts!6m1!1e1!9b1!89b1!90m2!1m1!1e2!98m3!1b1!2b1!3b1!103b1!113b1!114m3!1b1!2m1!1b1!117b1!122m1!1b1!126b1!127b1!128m1!1b0!26m4!2m3!1i80!2i92!4i8!30m28!1m6!1m2!1i0!2i0!2m2!1i530!2i599!1m6!1m2!1i1006!2i0!2m2!1i1056!2i599!1m6!1m2!1i0!2i0!2m2!1i1056!2i20!1m6!1m2!1i0!2i579!2m2!1i1056!2i599!34m19!2b1!3b1!4b1!6b1!8m6!1b1!3b1!4b1!5b1!6b1!7b1!9b1!12b1!14b1!20b1!23b1!25b1!26b1!31b1!37m1!1e81!42b1!46m1!1e9!47m0!49m10!3b1!6m2!1b1!2b1!7m2!1e3!2b1!8b1!9b1!10e2!50m246!1m241!2m7!1u3!4z54ef5qWt5Lit!5e1!9s0ahUKEwiD_Y6su5OUAxVyYvUHHbnGDRMQ_KkBCAcoAg!10m2!3m1!1e1!2m7!1u2!4z6KmV5YiG5pyA6auY!5e1!9s0ahUKEwiD_Y6su5OUAxVyYvUHHbnGDRMQ_KkBCAgoAw!10m2!2m1!1e1!2m11!1u62!2e1!4s!5e3!9s0ahUKEwiD_Y6su5OUAxVyYvUHHbnGDRMQ_KkBCAkoBA!10m5!64m4!2m3!1i1!2i200!3sTWD!2m11!1u62!2e1!4s!5e3!9s0ahUKEwiD_Y6su5OUAxVyYvUHHbnGDRMQ_KkBCAooBQ!10m5!64m4!2m3!1i200!2i400!3sTWD!2m11!1u62!2e1!4s!5e3!9s0ahUKEwiD_Y6su5OUAxVyYvUHHbnGDRMQ_KkBCAsoBg!10m5!64m4!2m3!1i400!2i600!3sTWD!2m11!1u62!2e1!4s!5e3!9s0ahUKEwiD_Y6su5OUAxVyYvUHHbnGDRMQ_KkBCAwoBw!10m5!64m4!2m3!1i600!2i800!3sTWD!2m11!1u62!2e1!4s!5e3!9s0ahUKEwiD_Y6su5OUAxVyYvUHHbnGDRMQ_KkBCA0oCA!10m5!64m4!2m3!1i800!2i1000!3sTWD!2m11!1u62!2e1!4s!5e3!9s0ahUKEwiD_Y6su5OUAxVyYvUHHbnGDRMQ_KkBCA4oCQ!10m5!64m4!2m3!1i1000!2i1200!3sTWD!2m11!1u62!2e1!4s!5e3!9s0ahUKEwiD_Y6su5OUAxVyYvUHHbnGDRMQ_KkBCA8oCg!10m5!64m4!2m3!1i1200!2i1400!3sTWD!2m11!1u62!2e1!4s!5e3!9s0ahUKEwiD_Y6su5OUAxVyYvUHHbnGDRMQ_KkBCBAoCw!10m5!64m4!2m3!1i1400!2i1600!3sTWD!2m11!1u62!2e1!4s!5e3!9s0ahUKEwiD_Y6su5OUAxVyYvUHHbnGDRMQ_KkBCBEoDA!10m5!64m4!2m3!1i1600!2i1800!3sTWD!2m11!1u62!2e1!4s!5e3!9s0ahUKEwiD_Y6su5OUAxVyYvUHHbnGDRMQ_KkBCBIoDQ!10m5!64m4!2m3!1i1800!2i2000!3sTWD!2m10!1u62!2e1!4s!5e3!9s0ahUKEwiD_Y6su5OUAxVyYvUHHbnGDRMQ_KkBCBMoDg!10m4!64m3!2m2!1i2000!3sTWD!3m1!1u3!3m1!1u2!3m88!1u62!2m7!1m5!64m4!2m3!1i1!2i200!3sTWD!2s!2m7!1m5!64m4!2m3!1i200!2i400!3sTWD!2s!2m7!1m5!64m4!2m3!1i400!2i600!3sTWD!2s!2m7!1m5!64m4!2m3!1i600!2i800!3sTWD!2s!2m7!1m5!64m4!2m3!1i800!2i1000!3sTWD!2s!2m7!1m5!64m4!2m3!1i1000!2i1200!3sTWD!2s!2m7!1m5!64m4!2m3!1i1200!2i1400!3sTWD!2s!2m7!1m5!64m4!2m3!1i1400!2i1600!3sTWD!2s!2m7!1m5!64m4!2m3!1i1600!2i1800!3sTWD!2s!2m7!1m5!64m4!2m3!1i1800!2i2000!3sTWD!2s!2m6!1m4!64m3!2m2!1i2000!3sTWD!2s!4BIAE!2e2!3m2!1b1!3b1!59BQ2dBd0Fn!67m5!7b1!10b1!14b1!15m1!1b0!69i777!77b1%26q%3D%25E6%259D%25BF%25E6%25A9%258B%25E5%258D%2580%25E5%2592%2596%25E5%2595%25A1%25E5%25BB%25B3%26nfpr%3D1%26ech%3D3%26psi%3DaC_yaeHjFt21vr0Pv4HZuQE.1777479529345.1",訂位
52,https://www.google.com/maps/place/%E6%9B%B8%E5%BA%97+%E5%92%96%E5%95%A1+%E3%80%8C%E5%87%9D%E6%B5%81%E6%9B%B8%E5%BA%97%E7%94%9F%E6%B4%BB%E3%80%8D/data=!4m7!3m6!1s0x346802abe85fb66d:0xbee16d34425550a9!8m2!3d25.0065142!4d121.4505253!16s%2Fg%2F1q64fqdl6!19sChIJbbZf6KsCaDQRqVBVQjRt4b4?authuser=0&hl=zh-TW&rclk=1,書店 咖啡 「凝流書店生活」,4.5,(695),$200-400,大觀路一段29巷81號,· 開始營業時間：11:30,https://lh3.googleusercontent.com/gps-cs-s/APNQkAHuGt8E1HSwkT76Qf_uWi5khAYQyH98gmcHYFUKKe8VB6juA482xVHXQDeY0OXY53v6vMXgt4llfkaOkgulKKVhBZJsKiXrtNgWR2ROvcIpl2C5GBlVfZXqHXzsgrVgnnI0_U_h=w122-h92-k-no,無外送服務,,
53,https://www.google.com/maps/place/SociAbility%E9%80%B8%E5%BB%8A/data=!4m7!3m6!1s0x3442a92d18e75daf:0xe4daa9d5c5710fe7!8m2!3d25.0114225!4d121.4624318!16s%2Fg%2F11lfflptcj!19sChIJr13nGC2pQjQR5w9xxdWp2uQ?authuser=0&hl=zh-TW&rclk=1,SociAbility逸廊,4.5,(411),$400-600,民權路88號1樓,· 開始營業時間：10:30,https://lh3.googleusercontent.com/gps-cs-s/APNQkAEGVWfuNu_96HA8-2eBG1nC1AcSeZLLKGPOS9DKFt5V4KL2L9SH5g7FE79-swZUaC-cGYKTfAKRZMEIDMPdekTgjs9LFZa3luWEJrGzNF5tg0dVArvk_dMZUDnnf-fe0clDI0YIQA=w175-h92-k-no,外送,https://www.google.com/searchviewer/42?cvd=CLw_EicKJeICIjIgEhkiF9LX29IPEQoNL2cvMTFsZmZscHRjahgAOgMI8A0%3D&g2lbs=AIBNGdXRD2LmuMPROaKURbL2uGwVJbm1zuFKxZNTNJPWeFt0kxcGIMw2r0F5IX5CXe0HabVkaP6T&hl=zh-Hant-TW&gl=tw&fo_m=MfohQo559jFvMUOzJVpjPL1YMfZ3bInYwBDuMfaXTPp5KXh-&utm_source=tactile&gei=ty_yad_ONYDA1e8PypOD6QE&ei=ty_yad_ONYDA1e8PypOD6QE&fo_s=OA&opi=79508299&ebb=1&cs=0&foub=mcpp,線上點餐
54,https://www.google.com/maps/place/%E5%92%96%E5%95%A1%E5%8D%B0+Coffee+in/data=!4m7!3m6!1s0x3442a802e4d95e73:0xbec091d424026f14!8m2!3d25.0119151!4d121.4549597!16s%2Fg%2F11c561gy6m!19sChIJc17Z5AKoQjQRFG8CJNSRwL4?authuser=0&hl=zh-TW&rclk=1,咖啡印 Coffee in,4.5,(95),$1-200,中正路1巷16弄23號,· 開始營業時間：週五11:00,https://lh3.googleusercontent.com/gps-cs-s/APNQkAGtwDVGiXgOPf6vgH0f-6ZcjF4bV8IX4PBUUISnv-rmJME_EFND8zaw_hPsjoG8Xb4fvFhsM9Ae_b0VWYBGkqEqhPTHxzQy6vtNztxrjEpocqmJHKNcJ9wr1DkKEkgglqTGGYU=w80-h106-k-no,無外送服務,,
55,https://www.google.com/maps/place/%E5%85%89%E6%AC%8A+-+%E7%89%B9%E8%89%B2%E4%B8%89%E6%98%8E%E6%B2%BB%2F%E5%92%96%E5%95%A1%2F%E6%9D%BF%E6%A9%8B%E6%97%A9%E5%8D%88%E9%A4%90+%E2%80%9C%E7%84%A1%E8%A8%82%E4%BD%8D%E6%9C%8D%E5%8B%99%2F%E6%8E%A1%E7%8F%BE%E5%A0%B4%E5%80%99%E4%BD%8D%E2%80%9D/data=!4m7!3m6!1s0x3442a81a185a858b:0x2f8bc69d68737e0b!8m2!3d25.017289!4d121.4621267!16s%2Fg%2F11c60dnthn!19sChIJi4VaGBqoQjQRC35zaJ3Giy8?authuser=0&hl=zh-TW&rclk=1,光權 - 特色三明治/咖啡/板橋早午餐 “無訂位服務/採現場候位”,4.3,(975),$400-600,光正街32號,· 開始營業時間：10:00,https://lh3.googleusercontent.com/gps-cs-s/APNQkAE31JdHJKJPpQLEDglM3jfZv-o4DJGlKxlYV__esS9ILEDttJ6LuHYemEmmof_0tDKVZkHkfVb13NqlHdulBB1IT9bQRUnaSuExAZKSCyRe8AIhGNkYrEoL2GtYY_33JEtmWS2b=w80-h106-k-no,無外送服務,https://www.google.com/searchviewer/42?cvd=CLw_EicKJeICIjIgEhkiF9LX29IPEQoNL2cvMTFjNjBkbnRobhgAOgMI8A0%3D&g2lbs=AIBNGdXKy9ADtFNkxfpPtmeFpc_3LIlxsNDtkGIhhLQO8J12RgqxQBWdvutlENNyFRIdV90TWaIP&hl=zh-Hant-TW&gl=tw&fo_m=MfohQo559jFvMUOzJVpjPL1YMfZ3bInYwBDuMfaXTPp5KXh-&utm_source=tactile&gei=ty_yad_ONYDA1e8PypOD6QE&ei=ty_yad_ONYDA1e8PypOD6QE&fo_s=OA&opi=79508299&ebb=1&cs=0&foub=mcpp,線上點餐
56,https://www.google.com/maps/place/%E5%8D%81%E4%B8%89%E4%BA%BA+Home+13+Caf%C3%A9/data=!4m7!3m6!1s0x3442a9d521208ef9:0x80daf6ae5f856971!8m2!3d25.0243763!4d121.4634285!16s%2Fg%2F11f78960f6!19sChIJ-Y4gIdWpQjQRcWmFX6722oA?authuser=0&hl=zh-TW&rclk=1,十三人 Home 13 Café,4.9,(157),$1-200,陽明街164號,· 開始營業時間：週五07:00,https://lh3.googleusercontent.com/gps-cs-s/APNQkAFNp3NU1mMBNf5HybWO_GmlfLPm-u6Lwn3-6oLg1Z1P47yeKolr6U6RfhUcCgG3Teww9qfCvuu9NHyxHs3X3aTlcLyTVkK_vIwjx4Su_RR-VYjUa48ZwwSLSPJOhU10NVR86jVk=w80-h106-k-no,外送,https://www.google.com/searchviewer/42?cvd=CLw_EicKJeICIjIgEhkiF9LX29IPEQoNL2cvMTFmNzg5NjBmNhgAOgMI8A0%3D&g2lbs=AIBNGdUehMTco2vq7uaY3wNNaeLfNMAodhR0v_dYxOpRj1afqIicjKmPFLmyGUsB0tR8q1F1dXlU&hl=zh-Hant-TW&gl=tw&fo_m=MfohQo559jFvMUOzJVpjPL1YMfZ3bInYwBDuMfaXTPp5KXh-&utm_source=tactile&gei=ty_yad_ONYDA1e8PypOD6QE&ei=ty_yad_ONYDA1e8PypOD6QE&fo_s=OA&opi=79508299&ebb=1&cs=0&foub=mcpp,線上點餐
57,https://www.google.com/maps/place/%E9%96%A3%E6%A8%93%E9%A4%90%E9%85%92%E9%A4%A8ABV+Bar+%26+Kitchen+%E6%9D%BF%E6%A9%8B%E5%BA%9C%E4%B8%AD%E5%BA%97/data=!4m7!3m6!1s0x3442a93fabbf8ab3:0x50fb47b8d84e5d01!8m2!3d25.00919!4d121.4580312!16s%2Fg%2F11f7r6_2zp!19sChIJs4q_qz-pQjQRAV1O2LhH-1A?authuser=0&hl=zh-TW&rclk=1,閣樓餐酒館ABV Bar & Kitchen 板橋府中店,4.7,"(6,462)",$$,府中路67號12樓,· 打烊時間：01:30 · 恢復營業時間：12:00,https://lh3.googleusercontent.com/gps-cs-s/APNQkAFrRUYo9IEOhlk4GeJoid37X6npiFTdiAIU0W0ArheG7tziNpw5SglJIlRYBQJIHnyh-kp1m_dO-VfTHU1_LimBG1qcFeoB9NFIEmt2TDy2U9032EbQRLs_0lm2JdvxCqdLFLnk=w122-h92-k-no,無外送服務,"https://www.google.com/maps/reserve/v/dine/c/_zVkQMz0mQQ?source=pa&opi=79508299&hl=zh-TW&gei=ty_yad_ONYDA1e8PypOD6QE&sourceurl=https://www.google.com/search?tbm%3Dmap%26authuser%3D0%26hl%3Dzh-TW%26gl%3Dtw%26pb%3D!4m12!1m3!1d11275.458989628069!2d121.45704409999999!3d25.062209850000002!2m3!1f0!2f0!3f0!3m2!1i1056!2i599!4f13.1!7i20!8i40!10b1!12m26!1m5!18b1!30b1!31m1!1b1!34e1!2m4!5m1!6e2!20e3!39b1!10b1!12b1!13b1!16b1!17m1!3e1!20m4!5e2!6b1!8b1!14b1!46m1!1b0!96b1!99b1!19m4!2m3!1i360!2i120!4i8!20m65!2m2!1i203!2i100!3m2!2i4!5b1!6m6!1m2!1i86!2i86!1m2!1i408!2i240!7m33!1m3!1e1!2b0!3e3!1m3!1e2!2b1!3e2!1m3!1e2!2b0!3e3!1m3!1e8!2b0!3e3!1m3!1e10!2b0!3e3!1m3!1e10!2b1!3e2!1m3!1e10!2b0!3e4!1m3!1e9!2b1!3e2!2b1!9b0!15m16!1m7!1m2!1m1!1e2!2m2!1i195!2i195!3i20!1m7!1m2!1m1!1e2!2m2!1i195!2i195!3i20!22m5!1saC_yaeHjFt21vr0Pv4HZuQE:254!2s1i:0,t:246204,p:aC_yaeHjFt21vr0Pv4HZuQE:254!7e81!12e22!17saC_yaeHjFt21vr0Pv4HZuQE:255!24m109!1m27!13m9!2b1!3b1!4b1!6i1!8b1!9b1!14b1!20b1!25b1!18m16!3b1!4b1!5b1!6b1!9b1!13b1!14b1!17b1!20b1!21b1!22b1!32b1!33m1!1b1!34b1!36e2!10m1!8e3!11m1!3e1!17b1!20m2!1e3!1e6!24b1!25b1!26b1!27b1!29b1!30m1!2b1!36b1!37b1!39m3!2m2!2i1!3i1!43b1!52b1!54m1!1b1!55b1!56m1!1b1!61m2!1m1!1e1!65m5!3m4!1m3!1m2!1i224!2i298!72m22!1m8!2b1!5b1!7b1!12m4!1b1!2b1!4m1!1e1!4b1!8m10!1m6!4m1!1e1!4m1!1e3!4m1!1e4!3sother_user_google_review_posts__and__hotel_and_vr_partner_review_posts!6m1!1e1!9b1!89b1!90m2!1m1!1e2!98m3!1b1!2b1!3b1!103b1!113b1!114m3!1b1!2m1!1b1!117b1!122m1!1b1!126b1!127b1!128m1!1b0!26m4!2m3!1i80!2i92!4i8!30m28!1m6!1m2!1i0!2i0!2m2!1i530!2i599!1m6!1m2!1i1006!2i0!2m2!1i1056!2i599!1m6!1m2!1i0!2i0!2m2!1i1056!2i20!1m6!1m2!1i0!2i579!2m2!1i1056!2i599!34m19!2b1!3b1!4b1!6b1!8m6!1b1!3b1!4b1!5b1!6b1!7b1!9b1!12b1!14b1!20b1!23b1!25b1!26b1!31b1!37m1!1e81!42b1!46m1!1e9!47m0!49m10!3b1!6m2!1b1!2b1!7m2!1e3!2b1!8b1!9b1!10e2!50m246!1m241!2m7!1u3!4z54ef5qWt5Lit!5e1!9s0ahUKEwiD_Y6su5OUAxVyYvUHHbnGDRMQ_KkBCAcoAg!10m2!3m1!1e1!2m7!1u2!4z6KmV5YiG5pyA6auY!5e1!9s0ahUKEwiD_Y6su5OUAxVyYvUHHbnGDRMQ_KkBCAgoAw!10m2!2m1!1e1!2m11!1u62!2e1!4s!5e3!9s0ahUKEwiD_Y6su5OUAxVyYvUHHbnGDRMQ_KkBCAkoBA!10m5!64m4!2m3!1i1!2i200!3sTWD!2m11!1u62!2e1!4s!5e3!9s0ahUKEwiD_Y6su5OUAxVyYvUHHbnGDRMQ_KkBCAooBQ!10m5!64m4!2m3!1i200!2i400!3sTWD!2m11!1u62!2e1!4s!5e3!9s0ahUKEwiD_Y6su5OUAxVyYvUHHbnGDRMQ_KkBCAsoBg!10m5!64m4!2m3!1i400!2i600!3sTWD!2m11!1u62!2e1!4s!5e3!9s0ahUKEwiD_Y6su5OUAxVyYvUHHbnGDRMQ_KkBCAwoBw!10m5!64m4!2m3!1i600!2i800!3sTWD!2m11!1u62!2e1!4s!5e3!9s0ahUKEwiD_Y6su5OUAxVyYvUHHbnGDRMQ_KkBCA0oCA!10m5!64m4!2m3!1i800!2i1000!3sTWD!2m11!1u62!2e1!4s!5e3!9s0ahUKEwiD_Y6su5OUAxVyYvUHHbnGDRMQ_KkBCA4oCQ!10m5!64m4!2m3!1i1000!2i1200!3sTWD!2m11!1u62!2e1!4s!5e3!9s0ahUKEwiD_Y6su5OUAxVyYvUHHbnGDRMQ_KkBCA8oCg!10m5!64m4!2m3!1i1200!2i1400!3sTWD!2m11!1u62!2e1!4s!5e3!9s0ahUKEwiD_Y6su5OUAxVyYvUHHbnGDRMQ_KkBCBAoCw!10m5!64m4!2m3!1i1400!2i1600!3sTWD!2m11!1u62!2e1!4s!5e3!9s0ahUKEwiD_Y6su5OUAxVyYvUHHbnGDRMQ_KkBCBEoDA!10m5!64m4!2m3!1i1600!2i1800!3sTWD!2m11!1u62!2e1!4s!5e3!9s0ahUKEwiD_Y6su5OUAxVyYvUHHbnGDRMQ_KkBCBIoDQ!10m5!64m4!2m3!1i1800!2i2000!3sTWD!2m10!1u62!2e1!4s!5e3!9s0ahUKEwiD_Y6su5OUAxVyYvUHHbnGDRMQ_KkBCBMoDg!10m4!64m3!2m2!1i2000!3sTWD!3m1!1u3!3m1!1u2!3m88!1u62!2m7!1m5!64m4!2m3!1i1!2i200!3sTWD!2s!2m7!1m5!64m4!2m3!1i200!2i400!3sTWD!2s!2m7!1m5!64m4!2m3!1i400!2i600!3sTWD!2s!2m7!1m5!64m4!2m3!1i600!2i800!3sTWD!2s!2m7!1m5!64m4!2m3!1i800!2i1000!3sTWD!2s!2m7!1m5!64m4!2m3!1i1000!2i1200!3sTWD!2s!2m7!1m5!64m4!2m3!1i1200!2i1400!3sTWD!2s!2m7!1m5!64m4!2m3!1i1400!2i1600!3sTWD!2s!2m7!1m5!64m4!2m3!1i1600!2i1800!3sTWD!2s!2m7!1m5!64m4!2m3!1i1800!2i2000!3sTWD!2s!2m6!1m4!64m3!2m2!1i2000!3sTWD!2s!4BIAE!2e2!3m2!1b1!3b1!59BQ2dBd0Fn!67m5!7b1!10b1!14b1!15m1!1b0!69i777!77b1%26q%3D%25E6%259D%25BF%25E6%25A9%258B%25E5%258D%2580%25E5%2592%2596%25E5%2595%25A1%25E5%25BB%25B3%26nfpr%3D1%26ech%3D3%26psi%3DaC_yaeHjFt21vr0Pv4HZuQE.1777479529345.1",訂位
58,https://www.google.com/maps/place/KINO+KINO+CAFE/data=!4m7!3m6!1s0x346802a819c483dd:0xd9d1191daaafba92!8m2!3d25.0087695!4d121.4558813!16s%2Fg%2F11g7z6nckb!19sChIJ3YPEGagCaDQRkrqvqh0Z0dk?authuser=0&hl=zh-TW&rclk=1,KINO KINO CAFE,4.3,(212),$200-400,倉後街6-2號1樓,· 開始營業時間：12:00,https://lh3.googleusercontent.com/gps-cs-s/APNQkAFPHypwwKbka1hpCh2eQwSiEhji0GGIsnhQOcBW1WnppjMcCVkvODjtqytuH59WlsUHATXKkbI0Yna3LY5rYoKDGhljos5xFaZA5GJYORLkiNYKE-ADFsHRbxeVCFtnq4p_G7JPzw=w122-h92-k-no,無外送服務,,
59,https://www.google.com/maps/place/Manor+Cafe/data=!4m7!3m6!1s0x3442a81d08653701:0x6dedac1c47018993!8m2!3d25.010441!4d121.459761!16s%2Fg%2F1ptx_67_8!19sChIJATdlCB2oQjQRk4kBRxys7W0?authuser=0&hl=zh-TW&rclk=1,Manor Cafe,4.7,(176),$1-200,明德街1-4號,· 開始營業時間：09:30,https://lh3.googleusercontent.com/gps-cs-s/APNQkAH9YDeVKqXXBHElCKjkkeXodKt1Ymds4YbCjji79iwUWDLoL3P4N5KWFsE5QMMtVqujpFIN1ZPEjrCuPmsrDOTQfS6Pn41UGeD6jaGskKoPabFImHB0lqieYZ-5S6ujoprdZZpi=w122-h92-k-no,,https://www.google.com/searchviewer/42?cvd=CLw_EiYKJOICITIfEhgiFtLX29IPEAoML2cvMXB0eF82N184GAA6AwjwDQ%3D%3D&g2lbs=AIBNGdV5cWwZ2I0cL43dnJSNzqd0Rg9YfpSzQQ1SoBJTgQvQ4CEJCTu7wkfeUYOO2f6vIYLyoNvh&hl=zh-Hant-TW&gl=tw&fo_m=MfohQo559jFvMUOzJVpjPL1YMfZ3bInYwBDuMfaXTPp5KXh-&utm_source=tactile&gei=ty_yad_ONYDA1e8PypOD6QE&ei=ty_yad_ONYDA1e8PypOD6QE&fo_s=OA&opi=79508299&ebb=1&cs=0&foub=mcpp,線上點餐
60,https://www.google.com/maps/place/%E6%9D%BF%E6%A9%8B%E9%A3%9B%E7%BF%94%E5%92%96%E5%95%A1%E5%92%96%E5%95%A1%E8%B1%86%E6%89%B9%E7%99%BC%E9%9B%B6%E5%94%AE%E5%95%86/data=!4m7!3m6!1s0x3442a83fff7445f7:0x10291724f468189a!8m2!3d25.027558!4d121.468695!16s%2Fg%2F11b7vc9v2j!19sChIJ90V0_z-oQjQRmhho9CQXKRA?authuser=0&hl=zh-TW&rclk=1,板橋飛翔咖啡咖啡豆批發零售商,4.6,(56),,松江街64號,· 開始營業時間：09:00,https://lh3.googleusercontent.com/gps-cs-s/APNQkAH7he9oXE5OWNA_oCCK5DSFou18FRMUtL5KOWdQZgVV-jbM1tPdVushZwfhikqZng7rqOubyOoSO3-E5klfC1iahGm9GFJL2MujU2iK8shS-08MIHK3NnU7UwZ2bmycuYWM7VKqhQ=w122-h92-k-no,,,
61,https://www.google.com/maps/place/%E6%88%90%E7%9C%9F%E5%92%96%E5%95%A1+%E6%96%B0%E5%8C%97%E7%92%B0%E7%90%83%E6%9D%BF%E8%BB%8A%E5%BA%97/data=!4m7!3m6!1s0x3442a95b5b66e477:0xe532118084ffcaeb!8m2!3d25.014505!4d121.4638803!16s%2Fg%2F11j10r4vhb!19sChIJd-RmW1upQjQR68r_hIARMuU?authuser=0&hl=zh-TW&rclk=1,成真咖啡 新北環球板車店,4.6,"(2,802)",$200-400,縣民大道二段7號二樓,· 開始營業時間：11:00,https://lh3.googleusercontent.com/gps-cs-s/APNQkAFjc9WajB7hbrLlZm3Dw3lpehDF35PcjSdYDdyffdq2qBJuKUThSvw6gnXfznlG4gfkmasRQVKlRsPpz5dsqcIGxVpPKmU7k74xeOdY9eJIQ20upUt9mBiJ5d0Lxs79eT2Ai1Wi=w80-h142-k-no,外送,https://www.google.com/searchviewer/42?cvd=CLw_EicKJeICIjIgEhkiF9LX29IPEQoNL2cvMTFqMTByNHZoYhgAOgMI8A0%3D&g2lbs=AIBNGdWqxIlJF6Yh1UQ4m-EyUWn-FrHW-GIgUhT9CC85TziOWphXUtEv6QxdfkSkQI696_Du1E_C&hl=zh-Hant-TW&gl=tw&fo_m=MfohQo559jFvMUOzJVpjPL1YMfZ3bInYwBDuMfaXTPp5KXh-&utm_source=tactile&gei=0i_yaeGrA8S0vr0Ppt3imQQ&ei=0i_yaeGrA8S0vr0Ppt3imQQ&fo_s=OA&opi=79508299&ebb=1&cs=0&foub=mcpp,線上點餐
62,https://www.google.com/maps/place/eslite+premium+%E6%96%B0%E6%9D%BF/data=!4m7!3m6!1s0x3442a98754d2fc73:0xaabbdef45412ad92!8m2!3d25.0124449!4d121.4632609!16s%2Fg%2F11s9xd357t!19sChIJc_zSVIepQjQRkq0SVPTeu6o?authuser=0&hl=zh-TW&rclk=1,eslite premium 新板,3.7,(103),$200-400,"3樓 No, No. 66號縣民大道二段",· 開始營業時間：11:00,https://lh3.googleusercontent.com/gps-cs-s/APNQkAHCXM4u9nncF0lOMh0gZYIsOg-KwtHm9Lq9dad1IP3axlaMdU9s5rU7wMayHnjsbgOGVS1_nZ5Nk5qXWYJJa5uMMDf9Gh-xZToz3QbOoQilYPAvmOk3gNjmMWxs8UCMo8UimYPkoA=w122-h92-k-no,,,
63,https://www.google.com/maps/place/CHUN+%E7%B4%94%E5%92%96%E5%95%A1+%2F+%E5%92%96%E5%95%A1%E8%B1%86%E8%B2%A9%E5%94%AE+%E6%89%B9%E7%99%BC+%2F+%E5%AF%B5%E7%89%A9%E5%8F%8B%E5%96%84/data=!4m7!3m6!1s0x3442a81ba18f4a4b:0xdc078cefb5c6f043!8m2!3d25.0150709!4d121.4603729!16s%2Fg%2F11c0rn5msd!19sChIJS0qPoRuoQjQRQ_DGte-MB9w?authuser=0&hl=zh-TW&rclk=1,CHUN 純咖啡 / 咖啡豆販售 批發 / 寵物友善,4.6,(364),$1-200,民權路260巷65號,· 開始營業時間：09:00,https://lh3.googleusercontent.com/gps-cs-s/APNQkAHPBrvqRViHY0qgkNO5bmFZlQI7_gmot4f7mRaWZR7L7Bno_SWpQhRsONb0bcq2DJ_yeVS7jGjrudBPlDLtRlDR6s3Nnh0mllGfv-ryiI-5lHcCUuHz-ljQsNPCwrdN7EkkvxLSiA=w122-h92-k-no,外送,https://www.google.com/searchviewer/42?cvd=CLw_EicKJeICIjIgEhkiF9LX29IPEQoNL2cvMTFjMHJuNW1zZBgBOgMI8A0%3D&g2lbs=AIBNGdXCkl-CyGVL2OmPTglMMupnATDmdiOVVijuIoxkcSAuyTRgoJIaEJU6EUzMvvFMSnAZ8Ymp&hl=zh-Hant-TW&gl=tw&fo_m=MfohQo559jFvMUOzJVpjPL1YMfZ3bInYwBDuMfaXTPp5KXh-&utm_source=tactile&gei=0i_yaeGrA8S0vr0Ppt3imQQ&ei=0i_yaeGrA8S0vr0Ppt3imQQ&fo_s=OA&opi=79508299&orderType=1&ebb=1&cs=0&foub=mcpp,線上點餐
64,https://www.google.com/maps/place/%E6%84%8F%E5%A4%A7%E5%88%A9%E7%B2%BE%E7%B7%BB%E5%92%96%E5%95%A1%E9%A4%A8/data=!4m7!3m6!1s0x3442a81c836f5023:0x60a9592d7f115378!8m2!3d25.0135292!4d121.459372!16s%2Fg%2F1thzrg_7!19sChIJI1BvgxyoQjQReFMRfy1ZqWA?authuser=0&hl=zh-TW&rclk=1,意大利精緻咖啡館,4.2,(469),$200-400,民權路182號,· 開始營業時間：10:00,https://lh3.googleusercontent.com/gps-cs-s/APNQkAHbmDfR3HThD6PlDlfk_Hdq8VNmq-PoZvWMlno7gvigopCTqPv9FHk9OTlRYpXZLd8E7oYDdqVhaOJigauFcvKlkeQLReZjH0EfodBxAQVpcTq98lclwyAJf2IJdc_dGRrS82VX=w122-h92-k-no,無外送服務,,
65,https://www.google.com/maps/place/bonniesugar%E6%89%8B%E4%BD%9C%E7%94%9C%E9%BB%9E%E5%B0%88%E9%96%80%E5%BA%97-%E5%BE%AE%E6%83%B3%E5%BA%97/data=!4m7!3m6!1s0x3442a9003518d849:0x18d68c93f905412e!8m2!3d25.0164837!4d121.462973!16s%2Fg%2F11y2f5vx4h!19sChIJSdgYNQCpQjQRLkEF-ZOM1hg?authuser=0&hl=zh-TW&rclk=1,bonniesugar手作甜點專門店-微想店,3.8,(422),$200-400,文化路一段185號,· 開始營業時間：10:00,https://lh3.googleusercontent.com/gps-cs-s/APNQkAEY8pi6FziecSMGuF8Ayhx8XJN6H_q1pAtrdHz3od0hkyty4XB3KdFctSA2iGd7OKhzeEG3Zf6l1HUmB7e1Lf_zvQPFzVXunh1ievaqJlRvLhR9E3mCd6m3ZeY7qQ5LynG8yDhF=w122-h92-k-no,,,
66,https://www.google.com/maps/place/%E5%8D%A1%E9%96%80%E8%87%AA%E5%AE%B6%E7%83%98%E7%84%99%E5%92%96%E5%95%A1/data=!4m7!3m6!1s0x3442a815dc6cbdf9:0x69e63fa574d016e3!8m2!3d25.0232107!4d121.4668008!16s%2Fg%2F1wyc20fy!19sChIJ-b1s3BWoQjQR4xbQdKU_5mk?authuser=0&hl=zh-TW&rclk=1,卡門自家烘焙咖啡,4.6,(181),$1-200,文化路一段435巷31弄6號,· 開始營業時間：08:30,https://lh3.googleusercontent.com/gps-cs-s/APNQkAFwF2cRW6L9pUaiA2P5G1NYg-HMCGZ6WwI5BimiBPIvGpRkt1i3rtnQebukcx2rz5AlAU17xYXahho20Z4N_UdU4D9-ALZBYLuLow9_Y8-ggRBH7nvdNC81i1b9BQFj9Ay3eJcx=w163-h92-k-no,外送,https://www.google.com/searchviewer/42?cvd=CLw_EiUKI-ICIDIeEhciFdLX29IPDwoLL2cvMXd5YzIwZnkYADoDCPAN&g2lbs=AIBNGdVeNdGIWY49cBKaDTALp2sm5ipmY59Cku7FKUQATbuR6Rjc9VXVXfRUHP5TihLWXcOUdtrH&hl=zh-Hant-TW&gl=tw&fo_m=MfohQo559jFvMUOzJVpjPL1YMfZ3bInYwBDuMfaXTPp5KXh-&utm_source=tactile&gei=0i_yaeGrA8S0vr0Ppt3imQQ&ei=0i_yaeGrA8S0vr0Ppt3imQQ&fo_s=OA&opi=79508299&ebb=1&cs=0&foub=mcpp,線上點餐
67,https://www.google.com/maps/place/%E5%BD%BC%E5%BE%97%E5%A5%BD%E5%92%96%E5%95%A1+%E6%9D%BF%E6%A9%8B%E6%96%B0%E5%9F%94%E5%BA%97/data=!4m7!3m6!1s0x3442a8142aefe643:0xf8a1cb37f1f26efa!8m2!3d25.0231926!4d121.4654793!16s%2Fg%2F1tf55ky_!19sChIJQ-bvKhSoQjQR-m7y8TfLofg?authuser=0&hl=zh-TW&rclk=1,彼得好咖啡 板橋新埔店,4.3,(473),$1-200,自由路37號,· 開始營業時間：07:30,https://lh3.googleusercontent.com/gps-cs-s/APNQkAHPxf1-rajjQCns48zDdutM3LorF24lYMRdD3bwYtiTvrAkjPl-nrvqNAOs191ldEJp83CjwxYtwkhqkJDBOirrgWqk76W1dO0CHmoYGwpYR_3NgjQyNSqLu8GxjN6Ic4DOfCxL3g=w163-h92-k-no,外送,https://www.google.com/searchviewer/42?cvd=CLw_EiUKI-ICIDIeEhciFdLX29IPDwoLL2cvMXRmNTVreV8YADoDCPAN&g2lbs=AIBNGdUc7fQnYT0vNu4ZCeYfbP8OcJfkjmy_faXl_KVnqu_BHki9jXfQf14-zvmVr3jAfiX0_oqx&hl=zh-Hant-TW&gl=tw&fo_m=MfohQo559jFvMUOzJVpjPL1YMfZ3bInYwBDuMfaXTPp5KXh-&utm_source=tactile&gei=0i_yaeGrA8S0vr0Ppt3imQQ&ei=0i_yaeGrA8S0vr0Ppt3imQQ&fo_s=OA&opi=79508299&ebb=1&cs=0&foub=mcpp,線上點餐
68,https://www.google.com/maps/place/%E7%A6%8F%E7%92%9F%E5%92%96%E5%95%A1/data=!4m7!3m6!1s0x3442a81dc4eb0e09:0x428ff922d29be36f!8m2!3d25.0097548!4d121.4619463!16s%2Fg%2F12m9kqmts!19sChIJCQ7rxB2oQjQRb-Ob0iL5j0I?authuser=0&hl=zh-TW&rclk=1,福璟咖啡,4.4,(192),$$,民族路21號,· 開始營業時間：11:00,https://lh3.googleusercontent.com/gps-cs-s/APNQkAEs0Ymz6879Pe3G8KcE8grGJrroaVIdiVQns5zWIN0qGf1KdvrL5CMa9wK5iDhndsim_jXWjXAZu-3wBr6WCbFEyKTgr_QzouNFnL_ZgVxtkZ_tNdnoqXdSoArBdfxv8HMKw2QD=w124-h92-k-no,,https://www.google.com/searchviewer/42?cvd=CLw_EiYKJOICITIfEhgiFtLX29IPEAoML2cvMTJtOWtxbXRzGAA6AwjwDQ%3D%3D&g2lbs=AIBNGdVrLxsk5MlEvDA4XSC4yXWU2K6NBfO8SzEdvlyObRlZknoRgUh5U05HPt1BJ5dRhGXpHJda&hl=zh-Hant-TW&gl=tw&fo_m=MfohQo559jFvMUOzJVpjPL1YMfZ3bInYwBDuMfaXTPp5KXh-&utm_source=tactile&gei=0i_yaeGrA8S0vr0Ppt3imQQ&ei=0i_yaeGrA8S0vr0Ppt3imQQ&fo_s=OA&opi=79508299&ebb=1&cs=0&foub=mcpp,線上點餐
69,https://www.google.com/maps/place/JAG%E9%80%99%E5%80%8B%C2%B7%E6%B5%AE%E6%B4%B2/data=!4m7!3m6!1s0x346802abb38cc467:0x5b8bceb7b7b34b5d!8m2!3d25.0075164!4d121.4503132!16s%2Fg%2F11gbzcj_7h!19sChIJZ8SMs6sCaDQRXUuzt7fOi1s?authuser=0&hl=zh-TW&rclk=1,JAG這個·浮洲,4.3,(388),$200-400,大觀路一段29巷35號,· 開始營業時間：11:00,https://lh3.googleusercontent.com/gps-cs-s/APNQkAGzfj3UOa_F3QcK8c8wBz166q--X0PaQthCBF0yCLa-dg-pQeibO2xQ0aRpK-XnaqHPREpQA_lwmur04yT-ZI6J13WQKTSnh0i2Zj8IdIf0ENsyN2mtTXlBRTOUCm6nK_C_x1yx4Q=w122-h92-k-no,無外送服務,,
70,https://www.google.com/maps/place/%E6%9C%9D%E9%A3%9F%E5%8D%88%E5%AE%B4Just+Brunch/data=!4m7!3m6!1s0x3468033f8a5ae89d:0xfab8c4f24d174cd8!8m2!3d25.0086936!4d121.4579341!16s%2Fg%2F11j7yk82y7!19sChIJnehaij8DaDQR2EwXTfLEuPo?authuser=0&hl=zh-TW&rclk=1,朝食午宴Just Brunch,4.8,"(2,802)",$200-400,東門街22號,· 開始營業時間：09:30,https://lh3.googleusercontent.com/gps-cs-s/APNQkAFwgg4GoYNHUPODHVpvL9IJgpG9tCiO9wmHCOcRLBw8ed01nymSwmmeOOox9U88hnOvqSoGpEp_InquhyHJQHL07juxh9pEKypm-WDhQhRwr7TyCcm-bfRH5OWmnSBh9G1XyCoq=w122-h92-k-no,外送,,
71,https://www.google.com/maps/place/Cafe+at+ALESSI+Store-%E6%9D%BF%E6%A9%8B%E5%BA%97/data=!4m7!3m6!1s0x3442a818eb111cdb:0xe9759fed96923812!8m2!3d25.0137578!4d121.4668308!16s%2Fg%2F11cscksqw2!19sChIJ2xwR6xioQjQREjiSlu2fdek?authuser=0&hl=zh-TW&rclk=1,Cafe at ALESSI Store-板橋店,4.1,(793),$200-400,新站路28號9樓,· 開始營業時間：11:00,https://lh3.googleusercontent.com/gps-cs-s/APNQkAHVMxgXTfhlO_6ZBO-f5jeZ_cBDTxJPo5mXf3RlxREp0UkIB0TkCS80nXIdIJCbT3LIL7-gRyP_vfsFoDJAZOig8Qjw0Mpu_SPH1etzc1MQoB7I8ws4R8RAZPJvvYeuJcPthIyl=w122-h92-k-no,外送,,
72,https://www.google.com/maps/place/JIUHO+HOUSE+%E7%8E%96%E8%8D%B7%E5%AE%B6+%7C+%E5%8F%AF%E9%BA%97%E9%9C%B2%E5%B0%88%E8%B3%A3%E5%BA%97/data=!4m7!3m6!1s0x34681d9caccb04ff:0x960d27d0a4c39914!8m2!3d24.9988451!4d121.4415479!16s%2Fg%2F11rzrvbygn!19sChIJ_wTLrJwdaDQRFJnDpNAnDZY?authuser=0&hl=zh-TW&rclk=1,JIUHO HOUSE 玖荷家 | 可麗露專賣店,4.9,(186),,大觀路二段154號,· 開始營業時間：12:30,https://lh3.googleusercontent.com/gps-cs-s/APNQkAEu5fEoEat0gI6820uoPAXwm8M7ZuRcendDRQD78yjcK7mBQAKRg5AgeW-BK_spJAIlN3vJ4fWcy_C_H9R8iPuWFRv3sbevYuBw4ZYS7adNqmyV1ubBje0dNAJkhecQjmT9SZ7C3Q=w122-h92-k-no,,,
73,https://www.google.com/maps/place/%E7%99%BD%E9%B9%BF%E5%92%96%E5%95%A1%EF%BC%88%E6%9D%BF%E6%A9%8B%EF%BC%89%7C%E8%87%AA%E5%AE%B6%E7%83%98%E8%B1%86%E3%80%81%E5%92%96%E5%95%A1%E8%B1%86%E8%B2%A9%E5%94%AE+%7C+%E9%B9%BF%E8%A7%92%E8%95%A8/data=!4m7!3m6!1s0x346803230618850b:0xd9682f35e14d8272!8m2!3d25.0067903!4d121.4647213!16s%2Fg%2F11hz1rjm4s!19sChIJC4UYBiMDaDQRcoJN4TUvaNk?authuser=0&hl=zh-TW&rclk=1,白鹿咖啡（板橋）|自家烘豆、咖啡豆販售 | 鹿角蕨,4.6,(154),$200-400,館前東路156巷35號,· 開始營業時間：11:00,https://lh3.googleusercontent.com/gps-cs-s/APNQkAGPaC6q4yk7-FwmnZx86h1FWDM6-jPTqEVAtJ-gqU1g7cPG6fgNBn9FO-XJnud4l0TjAF_tjDxvzibZvwckdSSx-G8ZsPO2VZ8Ys-cwmAYpLqoxhHbz_SEgMGZn4L_yUDseM_rn=w80-h106-k-no,無外送服務,,
74,https://www.google.com/maps/place/FRENCH+TOAST+FACTORY+%E5%BA%9C%E4%B8%AD%E6%97%97%E8%89%A6%E5%BA%97/data=!4m7!3m6!1s0x3442a81d1158a6c5:0xa347ceaafe410827!8m2!3d25.0103006!4d121.4589664!16s%2Fg%2F11clvv563k!19sChIJxaZYER2oQjQRJwhB_qrOR6M?authuser=0&hl=zh-TW&rclk=1,FRENCH TOAST FACTORY 府中旗艦店,4.2,"(1,308)",$200-400,府後街7號,· 開始營業時間：11:00,https://lh3.googleusercontent.com/gps-cs-s/APNQkAG5oaFNZhUplDWnzKAyBGDBRQa0rKlx7jr0ckTkJhCeD7Ft7j_jII9P508MskI4a16OOXmsoVAm3cg3OniqvXO2YW8LFgLa0BzRKNDVJlFsJS3GUEh1g-ENMfrz800raiuLlVOXRA=w122-h92-k-no,外送,,
75,https://www.google.com/maps/place/%E6%AA%B8%E6%AA%AC%E8%8D%89%E7%BE%8E%E9%A3%9F%E8%8C%B6%E6%88%BF+%E6%9D%BF%E6%A9%8B%E5%BA%97/data=!4m7!3m6!1s0x346802a7c6280c75:0x10ccdea663ef1a88!8m2!3d25.0068674!4d121.4590616!16s%2Fg%2F1tjgy2xw!19sChIJdQwoxqcCaDQRiBrvY6bezBA?authuser=0&hl=zh-TW&rclk=1,檸檬草美食茶房 板橋店,4.1,"(2,611)",$200-400,館前西路7號,,https://lh3.googleusercontent.com/gps-cs-s/APNQkAGOfdSdZCD5YwLny79Ibqls8bpO-KN4oqa5Cvrtv4W06CRPA2q8acI-davAT6fGhP7cp_D69e7sRRDZ4ceAHDStv_KNCvqJEhRFewQLEQcj-zpgEKSFtHCPdVL2Oqx9TUE96W9b=w138-h92-k-no,外送,https://www.google.com/searchviewer/42?cvd=CLw_EiUKI-ICIDIeEhciFdLX29IPDwoLL2cvMXRqZ3kyeHcYADoDCPAN&g2lbs=AIBNGdU66aRo9ZzBXFfY0bJ983vF7a4ZmCaya0rOvT0vS14-sWQlSMIkzPDvZn3TuFreHFAxErXH&hl=zh-Hant-TW&gl=tw&fo_m=MfohQo559jFvMUOzJVpjPL1YMfZ3bInYwBDuMfaXTPp5KXh-&utm_source=tactile&gei=0i_yaeGrA8S0vr0Ppt3imQQ&ei=0i_yaeGrA8S0vr0Ppt3imQQ&fo_s=OA&opi=79508299&ebb=1&cs=0&foub=mcpp,線上點餐
76,https://www.google.com/maps/place/%E6%80%A1%E5%AE%A2%E5%92%96%E5%95%A1+%E6%B1%9F%E7%BF%A0%E6%8D%B7%E9%81%8B%E5%BA%97/data=!4m7!3m6!1s0x3442a841025474ad:0xe5735017dec384a!8m2!3d25.0297814!4d121.4719402!16s%2Fg%2F1tl0v0r7!19sChIJrXRUAkGoQjQRSjjsfQE1Vw4?authuser=0&hl=zh-TW&rclk=1,怡客咖啡 江翠捷運店,4.0,(988),$1-200,文化路二段311號,· 開始營業時間：07:00,https://lh3.googleusercontent.com/gps-cs-s/APNQkAFT9cWFHgN3pa4M4dEcgl76quycQvMhi9R84xiyNH_8wRC_q2sE5xU7Qw6ab6_3gYYOaTuuz9DfwNBR9bgocbd8kr9R666X8cLTTpwbkfgJuedzmAJpw0R5wHgA8rJ8_ZN7MfEQWQ=w122-h92-k-no,外送,https://www.google.com/searchviewer/42?cvd=CLw_EiUKI-ICIDIeEhciFdLX29IPDwoLL2cvMXRsMHYwcjcYAToDCPAN&g2lbs=AIBNGdVJJEw7nLbqvXA7E8jc7-lSjqWpDXjlaUOD5kgEQno5cL4KzD6WSz1bUtQjUNJmXE0gSF5n&hl=zh-Hant-TW&gl=tw&fo_m=MfohQo559jFvMUOzJVpjPL1YMfZ3bInYwBDuMfaXTPp5KXh-&utm_source=tactile&gei=0i_yaeGrA8S0vr0Ppt3imQQ&ei=0i_yaeGrA8S0vr0Ppt3imQQ&fo_s=OA&opi=79508299&orderType=1&ebb=1&cs=0&foub=mcpp,線上點餐
77,https://www.google.com/maps/place/Louisa+Coffee+%E8%B7%AF%E6%98%93%E8%8E%8E%E5%92%96%E5%95%A1%28%E6%9D%BF%E6%A9%8B%E4%B8%AD%E6%AD%A3%E9%96%80%E5%B8%82%29/data=!4m7!3m6!1s0x3442a93d348fbb33:0x3cc537d83ad64d11!8m2!3d25.0180288!4d121.4558664!16s%2Fg%2F11jzpk04cc!19sChIJM7uPND2pQjQREU3WOtg3xTw?authuser=0&hl=zh-TW&rclk=1,Louisa Coffee 路易莎咖啡(板橋中正門市),3.8,(231),$1-200,中正路237號,· 開始營業時間：07:00,https://lh3.googleusercontent.com/gps-cs-s/APNQkAFnMda9Y-WjipdIDyLNT7SS63oTQ-y9NShsNXDLwBaXZK3E75dAbVTGHgHg-OLcMMqnkcVcO97UiEk12kRiOK-MSEHEepOKyq6cNVI-B1rT4zbeqqls-5aogR_QG33n72Kfbjnm=w163-h92-k-no,外送,https://www.google.com/searchviewer/42?cvd=CLw_EicKJeICIjIgEhkiF9LX29IPEQoNL2cvMTFqenBrMDRjYxgAOgMI8A0%3D&g2lbs=AIBNGdVUYA7iUzVbzCc2fj_tEsjc_LaMIeN_EvooyXCR_SpmNAKirHcuTUSn9OPAfKUZh_FSkw_9&hl=zh-Hant-TW&gl=tw&fo_m=MfohQo559jFvMUOzJVpjPL1YMfZ3bInYwBDuMfaXTPp5KXh-&utm_source=tactile&gei=0i_yaeGrA8S0vr0Ppt3imQQ&ei=0i_yaeGrA8S0vr0Ppt3imQQ&fo_s=OA&opi=79508299&ebb=1&cs=0&foub=mcpp,線上點餐
78,https://www.google.com/maps/place/%E5%85%88%E9%80%B2%E7%85%A7%E7%9B%B8%26%E6%89%8B%E4%BD%9C%E5%92%96%E5%95%A1%E9%A4%A8/data=!4m7!3m6!1s0x3442a81e75dd6b65:0xfccbc1945e4b4f04!8m2!3d25.0094554!4d121.4628116!16s%2Fg%2F11b6glk5b7!19sChIJZWvddR6oQjQRBE9LXpTBy_w?authuser=0&hl=zh-TW&rclk=1,先進照相&手作咖啡館,4.8,(218),$1-200,民族路74號,· 開始營業時間：12:00,https://lh3.googleusercontent.com/gps-cs-s/APNQkAHforUc750canemguqARB3hLBLrJ9zeCUqnpuupKU0HaUSP9WjzEligmlkptMGqAPNcZElrGShno2AmHzA_ACVBtFUyywdyib_BwiD9FUr1Uw8hpxEXGUFt3akvIzF3KMhoa8I=w139-h92-k-no,無外送服務,,
79,https://www.google.com/maps/place/%E6%95%99%E5%A0%82%E5%92%96%E5%95%A1/data=!4m7!3m6!1s0x3442a81dc14567b5:0x248a5d93be62458f!8m2!3d25.0095877!4d121.461693!16s%2Fg%2F1tk1wrj9!19sChIJtWdFwR2oQjQRj0VivpNdiiQ?authuser=0&hl=zh-TW&rclk=1,教堂咖啡,4.3,(84),$1-200,民族路8號,· 開始營業時間：11:00,https://lh3.googleusercontent.com/gps-cs-s/APNQkAFpufTAzWH3BrjcT3dzx1ulkxJndhXNB6pzr0ZxcGjL2SCu5b_wcuF3D7-Ro6zgJw_flagneNjQffJQa5ZptbNeud2QShMdYsmckZiJndAxeCdnm6uSlK4KJxCMN4Ux9NSA03_B=w122-h92-k-no,無外送服務,,
80,https://www.google.com/maps/place/%E9%8A%80%E5%85%89%E9%A3%9F%E5%A0%82/data=!4m7!3m6!1s0x3442a91ae4fbc3db:0xc7eeada6ceb45f34!8m2!3d25.0093956!4d121.4623477!16s%2Fg%2F11j72xj_z7!19sChIJ28P75BqpQjQRNF-0zqat7sc?authuser=0&hl=zh-TW&rclk=1,銀光食堂,4.8,(37),$1-200,民族路34巷9號,· 開始營業時間：09:30,https://lh3.googleusercontent.com/gps-cs-s/APNQkAGuSRB8VCQZaQLs_EBrcVO14ETf58I4V8WvjaPm9xZ1Z6zceCPejinaITABDgzqQzZPi6y7zFpnVi9RKY48Dchas2HKw1H9duaoZoCa12oG15PUh0Tgsil0ySgr3LSm0y0-5oxOhQ=w122-h92-k-no,,,
81,https://www.google.com/maps/place/CAMA+CAFE+%E6%9D%BF%E6%A9%8B%E5%8C%97%E9%96%80%E5%BA%97/data=!4m7!3m6!1s0x3442a9230e97a2c3:0x6c92d1681b7b99c8!8m2!3d25.010567!4d121.4578505!16s%2Fg%2F11rg32mx4d!19sChIJw6KXDiOpQjQRyJl7G2jRkmw?authuser=0&hl=zh-TW&rclk=1,CAMA CAFE 板橋北門店,4.5,(104),$1-200,北門街6號,· 開始營業時間：07:30,https://lh3.googleusercontent.com/gps-cs-s/APNQkAGvszzJ3Rnyk54EZR_lqY3sYNv3LSK-LNVhyGTKkF_i9DSQJkkATL9KJod1oIrO5czcjG31P0nC8KcZIQRVQFzSkTSWTB9zXeD_FeEoJ3yOV08gRQ5cXj0LvgUxZfRvL3nR1io=w122-h92-k-no,外送,https://www.google.com/searchviewer/42?cvd=CLw_EicKJeICIjIgEhkiF9LX29IPEQoNL2cvMTFyZzMybXg0ZBgBOgMI8A0%3D&g2lbs=AIBNGdU0lQX19U4KahD2u4ijpXaTLXuBrZtV0WNz_rSwAeoIqCELz8ATzR5_4CEgeRXvDS5KOdzL&hl=zh-Hant-TW&gl=tw&fo_m=MfohQo559jFvMUOzJVpjPL1YMfZ3bInYwBDuMfaXTPp5KXh-&utm_source=tactile&gei=7S_yaYvwGofw1e8P_aLB-QY&ei=7S_yaYvwGofw1e8P_aLB-QY&fo_s=OA&opi=79508299&orderType=1&ebb=1&cs=0&foub=mcpp,線上點餐
82,https://www.google.com/maps/place/Mimosa+Coffee+Tea+%E6%9D%BF%E6%A9%8B%E4%B8%89%E6%B0%91%E5%BA%97/data=!4m7!3m6!1s0x3442a83a7ce55553:0x1553d20142a91407!8m2!3d25.0169401!4d121.4794669!16s%2Fg%2F11dyp40b3x!19sChIJU1XlfDqoQjQRBxSpQgHSUxU?authuser=0&hl=zh-TW&rclk=1,Mimosa Coffee Tea 板橋三民店,4.5,(136),$1-200,三民路二段71號,· 開始營業時間：07:30,https://lh3.googleusercontent.com/gps-cs-s/APNQkAENgCtK_icz3aGFyzbDzF7IV5iPY5WXm3IPdbL-SF0kBqQZIMpOFxSn597JW2uTQodgu4-R6EZB2TuFo07WnAlD9BrJnSBAn4Ii2GiSmZ762vvcvpoQPFNXvywHdeMXI2DGi7fT5g=w122-h92-k-no,外送,https://www.google.com/searchviewer/42?cvd=CLw_EicKJeICIjIgEhkiF9LX29IPEQoNL2cvMTFkeXA0MGIzeBgAOgMI8A0%3D&g2lbs=AIBNGdUyfIfO8P6S9dQp-JKUMVR3M5J9EhSE4oJ-vwfcwkVrJcJvyngFs-Wc7pDrpUEj6OOQLFTF&hl=zh-Hant-TW&gl=tw&fo_m=MfohQo559jFvMUOzJVpjPL1YMfZ3bInYwBDuMfaXTPp5KXh-&utm_source=tactile&gei=7S_yaYvwGofw1e8P_aLB-QY&ei=7S_yaYvwGofw1e8P_aLB-QY&fo_s=OA&opi=79508299&ebb=1&cs=0&foub=mcpp,線上點餐
83,https://www.google.com/maps/place/%E4%B8%89%E5%88%86%E9%90%98%E7%86%B1%E5%BA%A6%EF%BD%9C%E6%97%A9%E5%8D%88%E9%A4%90%EF%BD%9C%E9%AC%86%E9%A4%85%EF%BD%9C%E5%92%96%E5%95%A1%EF%BD%9C%E6%89%8B%E5%B7%A5%E6%BC%A2%E5%A0%A1%E6%8E%92%EF%BD%9C%E7%86%9F%E6%88%90%E7%89%9B%E6%8E%92/data=!4m7!3m6!1s0x3442a9b85a7983f1:0xe44de6dd34566897!8m2!3d25.0141516!4d121.4595195!16s%2Fg%2F11nmqb8yhc!19sChIJ8YN5WripQjQRl2hWNN3mTeQ?authuser=0&hl=zh-TW&rclk=1,三分鐘熱度｜早午餐｜鬆餅｜咖啡｜手工漢堡排｜熟成牛排,4.5,(225),$1-200,民權路202巷2弄1號,· 開始營業時間：09:30,https://lh3.googleusercontent.com/gps-cs-s/APNQkAFo9Q8apw87onbvhvXLmOrXKUsyr8syNxJe3KiZVRAhEgw5gF_0H_1Q2TkLe8fS2LyW_u8tlzwPS_oLvV9-ApjacWTQfRoIQbskS7hAmfXp3jp3-J_dWNvArV80mbNJwjlbgS1u=w80-h106-k-no,外送,https://www.google.com/searchviewer/42?cvd=CLw_EicKJeICIjIgEhkiF9LX29IPEQoNL2cvMTFubXFiOHloYxgAOgMI8A0%3D&g2lbs=AIBNGdVhM7Y_v8cXiXV8c9r5X-ArFLqPMTh9ea57gwLbOAyzxhm7jkykanuGeSwWSLX99ewNdIfR&hl=zh-Hant-TW&gl=tw&fo_m=MfohQo559jFvMUOzJVpjPL1YMfZ3bInYwBDuMfaXTPp5KXh-&utm_source=tactile&gei=7S_yaYvwGofw1e8P_aLB-QY&ei=7S_yaYvwGofw1e8P_aLB-QY&fo_s=OA&opi=79508299&ebb=1&cs=0&foub=mcpp,線上點餐
84,https://www.google.com/maps/place/%E5%85%B8%E8%97%8F%E5%92%96%E5%95%A1%E9%A4%A8%E5%BA%9C%E4%B8%AD15%E5%BA%97/data=!4m7!3m6!1s0x3442a81d76dcf3e1:0x2ab4acf1006d4e4c!8m2!3d25.0094848!4d121.4595785!16s%2Fg%2F11fy_d2g5c!19sChIJ4fPcdh2oQjQRTE5tAPGstCo?authuser=0&hl=zh-TW&rclk=1,典藏咖啡館府中15店,4.2,(351),$200-400,府中路15號,· 開始營業時間：09:00,https://lh3.googleusercontent.com/gps-cs-s/APNQkAFy0GuFmscCPtP_7i-T8MQE74UzvefukT19FlhkZHVNlIiJdU-knJJ0uike9oCSTOFKXiEN-v0xZVSL-4gdupzfuNp423aOWDYMWGoBCziS9s1To6ti2gUlkB_96KE8PEfmazsb=w123-h92-k-no,外送,,
85,https://www.google.com/maps/place/Ponpie+%E6%9D%BF%E6%A9%8B%E5%BA%97+%E6%B0%B4%E6%9E%9C%E5%A1%94%E5%B0%88%E9%96%80%E5%BA%97+%E7%94%9C%E9%BB%9E+%E7%94%9F%E6%97%A5%E8%9B%8B%E7%B3%95/data=!4m7!3m6!1s0x3442a81b7eb32637:0xdc48d7b4b61e5e85!8m2!3d25.0141664!4d121.4595405!16s%2Fg%2F11btlxyw2q!19sChIJNyazfhuoQjQRhV4etrTXSNw?authuser=0&hl=zh-TW&rclk=1,Ponpie 板橋店 水果塔專門店 甜點 生日蛋糕,4.3,"(1,860)",$$,民權路202巷4弄1號,· 開始營業時間：12:00,https://lh3.googleusercontent.com/gps-cs-s/APNQkAHm9wMPSWasjaS_ec0Pq551ZDhBozFvPe-L7p4VjQfz_XQKqO-FwffPZ5wZVJc4qtkngZMZub0HS_QmFOy2FPvfV_VZrZshDwusnYwbK19YX0swdPjRvw7fnyf-BddzeYXvJAApHxJsTPmQ=w122-h92-k-no,,https://www.google.com/searchviewer/42?cvd=CLw_EicKJeICIjIgEhkiF9LX29IPEQoNL2cvMTFidGx4eXcycRgAOgMI8A0%3D&g2lbs=AIBNGdUnivOK6P-BUQThmssXw2g-DlCGMifmwdM1oFpF7Ged7y4f4Jd0OTd20Nk5IG6LWJq1eN5p&hl=zh-Hant-TW&gl=tw&fo_m=MfohQo559jFvMUOzJVpjPL1YMfZ3bInYwBDuMfaXTPp5KXh-&utm_source=tactile&gei=7S_yaYvwGofw1e8P_aLB-QY&ei=7S_yaYvwGofw1e8P_aLB-QY&fo_s=OA&opi=79508299&ebb=1&cs=0&foub=mcpp,線上點餐
86,https://www.google.com/maps/place/%E9%BB%98%E7%88%BE+pasta+pizza%28%E6%96%B0%E5%8C%97%E8%AA%A0%E5%93%81%E6%96%B0%E6%9D%BF%E5%BA%97%29/data=!4m7!3m6!1s0x3442a9be81819311:0x726905d6cb58b5be!8m2!3d25.0124449!4d121.4632609!16s%2Fg%2F11tj3768fn!19sChIJEZOBgb6pQjQRvrVYy9YFaXI?authuser=0&hl=zh-TW&rclk=1,默爾 pasta pizza(新北誠品新板店),4.8,"(3,673)",$400-600,"3樓, No. 66號縣民大道二段",· 開始營業時間：11:00,https://lh3.googleusercontent.com/gps-cs-s/APNQkAHGLgsV4Um9JU-Y5u-1wRPcEOKJfq3I380CJbg7uXhVwnFZHWhOIqcAuDa00ZRMKZPNQBEz2chfmrPrFl2YAgsU36-FtUwnlP3v6ytpdsP9w8nKbe_CUiSvaeuBXlR7c67gO_fi=w122-h92-k-no,外送,https://www.google.com/searchviewer/42?cvd=CLw_EicKJeICIjIgEhkiF9LX29IPEQoNL2cvMTF0ajM3NjhmbhgAOgMI8A0%3D&g2lbs=AIBNGdXgZAWvkB7grQN92wHagYA335NcHZCIYBCSaNqgw6MEOcm5XE25T9jJipniX4QwdWp3j3Vf&hl=zh-Hant-TW&gl=tw&fo_m=MfohQo559jFvMUOzJVpjPL1YMfZ3bInYwBDuMfaXTPp5KXh-&utm_source=tactile&gei=7S_yaYvwGofw1e8P_aLB-QY&ei=7S_yaYvwGofw1e8P_aLB-QY&fo_s=OA&opi=79508299&ebb=1&cs=0&foub=mcpp,線上點餐
87,https://www.google.com/maps/place/%E6%9E%9C%E7%84%B6%E5%8C%AF+%E6%96%B0%E5%8C%97%E6%9D%BF%E6%A9%8B%E5%BA%97/data=!4m7!3m6!1s0x3442a81eec6aaaab:0xf68709da841704c6!8m2!3d25.011!4d121.4643718!16s%2Fg%2F11hdpj5ytp!19sChIJq6pq7B6oQjQRxgQXhNoJh_Y?authuser=0&hl=zh-TW&rclk=1,果然匯 新北板橋店,4.4,"(4,624)",$600-800,中山路一段152號板橋中山遠百11樓,· 開始營業時間：11:30,https://lh3.googleusercontent.com/gps-cs-s/APNQkAH8WJVy18xZmoPD9WQfTbrzxgBG2wtSmHJ9fgm4e2cU2y6L6SaN3ijfuagHDbcw7GVjrzbDjPBGyBVjGcEAJJKFdSJPZ7aiHdRdYMNlwSTaafT8I05cgKF1JVED1G5DCPvSkwt8=w122-h92-k-no,外送,https://www.google.com/searchviewer/42?cvd=CLw_EicKJeICIjIgEhkiF9LX29IPEQoNL2cvMTFoZHBqNXl0cBgAOgMI8A0%3D&g2lbs=AIBNGdVIOXiH_xdfYh9lZNJJyHAOlLD1F42r-SHhlM-GOPA4IWngkgmx19eUGintB0gtkQZ7KVv3&hl=zh-Hant-TW&gl=tw&fo_m=MfohQo559jFvMUOzJVpjPL1YMfZ3bInYwBDuMfaXTPp5KXh-&utm_source=tactile&gei=7S_yaYvwGofw1e8P_aLB-QY&ei=7S_yaYvwGofw1e8P_aLB-QY&fo_s=OA&opi=79508299&ebb=1&cs=0&foub=mcpp,線上點餐
88,https://www.google.com/maps/place/Louisa+Coffee+%E8%B7%AF%E6%98%93%E8%8E%8E%E5%92%96%E5%95%A1%28%E6%9D%BF%E6%A9%8B%E5%9C%8B%E5%85%89%E5%BA%97%29/data=!4m7!3m6!1s0x3442a81a0a9156c3:0xc3f01b8d4be146c6!8m2!3d25.0185874!4d121.4614433!16s%2Fg%2F11f53mrf3n!19sChIJw1aRChqoQjQRxkbhS40b8MM?authuser=0&hl=zh-TW&rclk=1,Louisa Coffee 路易莎咖啡(板橋國光店),3.9,(676),$1-200,國光路189-5號,· 開始營業時間：07:00,https://lh3.googleusercontent.com/gps-cs-s/APNQkAEvlw4pCx2m56LdgDVRbmeYONHotAcjrNHTg7Mp3_m0uOfvbmsOjhNHoU_x8BouCfzsyP9Ii5h7d5TwOFqNmlN2YWK1ZeJFUXzLT2nZx8xldPB_33T_ZAzTId6qHecnGmqMKES_=w122-h92-k-no,外送,https://www.google.com/searchviewer/42?cvd=CLw_EicKJeICIjIgEhkiF9LX29IPEQoNL2cvMTFmNTNtcmYzbhgAOgMI8A0%3D&g2lbs=AIBNGdXOTkgVrkArQ5qQRY1dx82a0_S0sSHAEE_UrakrrN2yeUkDeKCx3Gg9tDvKttRdpdW8fGOk&hl=zh-Hant-TW&gl=tw&fo_m=MfohQo559jFvMUOzJVpjPL1YMfZ3bInYwBDuMfaXTPp5KXh-&utm_source=tactile&gei=7S_yaYvwGofw1e8P_aLB-QY&ei=7S_yaYvwGofw1e8P_aLB-QY&fo_s=OA&opi=79508299&ebb=1&cs=0&foub=mcpp,線上點餐
89,https://www.google.com/maps/place/%E8%B7%AF%E6%98%93%E3%83%BB%E8%8E%8E%E5%92%96%E5%95%A1%28%E6%9D%BF%E6%A9%8B%E5%BA%9C%E4%B8%AD%E9%96%80%E5%B8%82%29/data=!4m7!3m6!1s0x346803454cb18cc5:0x4ed3173805a30684!8m2!3d25.0075754!4d121.4612783!16s%2Fg%2F11bzs3_895!19sChIJxYyxTEUDaDQRhAajBTgX004?authuser=0&hl=zh-TW&rclk=1,路易・莎咖啡(板橋府中門市),3.8,(351),$1-200,重慶路32號1樓,· 開始營業時間：07:30,https://lh3.googleusercontent.com/gps-cs-s/APNQkAGqDxtu6xK4YqLmO0fFFG24XdPStOsUrfrlWeSNNcub95IedcJjNaeA-2B5_Z_xKdsm7foQFzDDmb1rQOnk7pyHP7KAGwTRqeBhFzZH7Vs5h9-ugf85wnGNcz8P63k0WlgjV-Xy=w80-h106-k-no,外送,https://www.google.com/searchviewer/42?cvd=CLw_EicKJeICIjIgEhkiF9LX29IPEQoNL2cvMTFienMzXzg5NRgAOgMI8A0%3D&g2lbs=AIBNGdUh_pfOqyD2lEFYAtuXEPoftu7WgoHS1Djr7I25OUDRsX3tip0IwQBxXy9n42MLtw7zXW3m&hl=zh-Hant-TW&gl=tw&fo_m=MfohQo559jFvMUOzJVpjPL1YMfZ3bInYwBDuMfaXTPp5KXh-&utm_source=tactile&gei=7S_yaYvwGofw1e8P_aLB-QY&ei=7S_yaYvwGofw1e8P_aLB-QY&fo_s=OA&opi=79508299&ebb=1&cs=0&foub=mcpp,線上點餐
90,https://www.google.com/maps/place/%E8%93%8B%E5%AD%90%E7%BE%8E%E5%BC%8F%E9%A4%90%E5%BB%B3/data=!4m7!3m6!1s0x3442a81a6bdcafc5:0xff1592a83b1f41a6!8m2!3d25.0177195!4d121.4610147!16s%2Fg%2F11byx8m0_5!19sChIJxa_caxqoQjQRpkEfO6iSFf8?authuser=0&hl=zh-TW&rclk=1,蓋子美式餐廳,4.5,"(2,290)",$200-400,建國街127號,· 開始營業時間：週五11:30,https://lh3.googleusercontent.com/gps-cs-s/APNQkAFUd3gVcim3REQ6k-vIaeAnxGbh-kgxCDX6r2-HRTTqD9XJhvmFz5kfSCQAa1U7gYciaIFn3BM_6e4xvkPZb_FLGBJyXxUM7WNVOhxD0Ps3lXoqs-uAUM8Ip-iitJlCthlw5RMO=w122-h92-k-no,外送,https://www.google.com/searchviewer/42?cvd=CLw_EicKJeICIjIgEhkiF9LX29IPEQoNL2cvMTFieXg4bTBfNRgAOgMI8A0%3D&g2lbs=AIBNGdU7RgzOwxjjwE-HQiAxuc4mZd_2KEM2T-kk3q9J3JdwAVZM3upMJfIvzpnLTnbN94Gp5IWa&hl=zh-Hant-TW&gl=tw&fo_m=MfohQo559jFvMUOzJVpjPL1YMfZ3bInYwBDuMfaXTPp5KXh-&utm_source=tactile&gei=7S_yaYvwGofw1e8P_aLB-QY&ei=7S_yaYvwGofw1e8P_aLB-QY&fo_s=OA&opi=79508299&ebb=1&cs=0&foub=mcpp,線上點餐
91,https://www.google.com/maps/place/%E6%97%A9%E5%96%9A+Morning+Call/data=!4m7!3m6!1s0x3442a9c6619c3f31:0x9872a57fc482e531!8m2!3d25.0146141!4d121.4602982!16s%2Fg%2F11lfzgss2v!19sChIJMT-cYcapQjQRMeWCxH-lcpg?authuser=0&hl=zh-TW&rclk=1,早喚 Morning Call,4.1,"(1,003)",$1-200,民權路202巷8弄6號,· 開始營業時間：06:30,https://lh3.googleusercontent.com/gps-cs-s/APNQkAHh2hUUoh8cbZwemc60qj2mc7BGzO1Ti6iSY7mwq7X1Mh0RVfaCDFijo0kKKiMKpU0DlSxztmadUHgFEZoaiA-9LTGf2TzMoEPbgwh2eb50oSaErq_u_olQ9M75HioEIq6v1RTh=w163-h92-k-no,外送,https://www.google.com/searchviewer/42?cvd=CLw_EicKJeICIjIgEhkiF9LX29IPEQoNL2cvMTFsZnpnc3MydhgAOgMI8A0%3D&g2lbs=AIBNGdUK5_955K1hwu8eQVXqW8hKlOlnHM2Scyt1uNJMbD_ZzmEf-JUK8LHVBiABEQiP0y_nxg9M&hl=zh-Hant-TW&gl=tw&fo_m=MfohQo559jFvMUOzJVpjPL1YMfZ3bInYwBDuMfaXTPp5KXh-&utm_source=tactile&gei=7S_yaYvwGofw1e8P_aLB-QY&ei=7S_yaYvwGofw1e8P_aLB-QY&fo_s=OA&opi=79508299&ebb=1&cs=0&foub=mcpp,線上點餐
92,https://www.google.com/maps/place/YELO+Seoul+Bistro+%E9%A6%96%E7%88%BE%E9%A4%90%E9%85%92%E9%A4%A8/data=!4m7!3m6!1s0x3442a97261de9987:0x73ff0a9065a1c6dd!8m2!3d25.0106869!4d121.4615892!16s%2Fg%2F11g1gp61bs!19sChIJh5neYXKpQjQR3cahZZAK_3M?authuser=0&hl=zh-TW&rclk=1,YELO Seoul Bistro 首爾餐酒館,4.3,"(1,986)",,縣民大道一段308號,· 開始營業時間：17:00,https://lh3.googleusercontent.com/gps-cs-s/APNQkAE5mcZsC-D-b3UuSCGpgoZYjmfxxlKWLNLJlrEfWeTbYLKJd8zro1kuJF8xgRVdKLnILcExlnymu8ZUH5L0obB4j9fb3hcQCWD1bpVZCltTa1QvrMkGOPCwCL4_qU3CKwvmWyfh=w122-h92-k-no,無外送服務,,
93,https://www.google.com/maps/place/woosa%E6%B4%8B%E9%A3%9F%E3%83%91%E3%83%B3%E3%82%B1%E3%83%BC%E3%82%AD+%E5%B1%8B%E8%8E%8E%E6%B4%8B%E9%A3%9F%E9%AC%86%E9%A4%85%E5%B1%8B+%E6%9D%BF%E6%A9%8B%E9%81%A0%E7%99%BE%E4%B8%AD%E5%B1%B1%E5%BA%97/data=!4m7!3m6!1s0x3442a90a564ec1cd:0x86e072ba4f965588!8m2!3d25.0109601!4d121.4644536!16s%2Fg%2F11ftwhgg5s!19sChIJzcFOVgqpQjQRiFWWT7py4IY?authuser=0&hl=zh-TW&rclk=1,woosa洋食パンケーキ 屋莎洋食鬆餅屋 板橋遠百中山店,4.3,"(2,717)",$400-600,中山路一段152號四樓,· 開始營業時間：11:00,https://lh3.googleusercontent.com/gps-cs-s/APNQkAFE2y7cOORHw1JkP08Pj1Q6lIYj-4qDtWVQ_-qBHBozoA__5j5YIVc-ooH53ckCkgVRiqvj8giKWSH6pXQpZq71btjn-NuQDYXCZfsJ7i-HYflIwrp_8FFxTiuMWgjPwKb6fZkP=w122-h92-k-no,,https://www.google.com/searchviewer/42?cvd=CLw_EicKJeICIjIgEhkiF9LX29IPEQoNL2cvMTFmdHdoZ2c1cxgCOgMI8A0%3D&g2lbs=AIBNGdUUUmuE87MFTqLpRWjG3sw0XNTK4VcM05F7AyA1LhUoE7lxBzXGkzdIk2-ql6WBa5gR25oa&hl=zh-Hant-TW&gl=tw&fo_m=MfohQo559jFvMUOzJVpjPL1YMfZ3bInYwBDuMfaXTPp5KXh-&utm_source=tactile&gei=7S_yaYvwGofw1e8P_aLB-QY&ei=7S_yaYvwGofw1e8P_aLB-QY&fo_s=OA&opi=79508299&orderType=2&ebb=1&cs=0&foub=mcpp,線上點餐
94,https://www.google.com/maps/place/her%E5%AE%B6%E3%80%82%E6%97%A9%E5%8D%88%E9%A4%90/data=!4m7!3m6!1s0x3442a9de3e944eaf:0x4f52dc6f7e7665dc!8m2!3d25.0083279!4d121.4667088!16s%2Fg%2F11fhr7pwym!19sChIJr06UPt6pQjQR3GV2fm_cUk8?authuser=0&hl=zh-TW&rclk=1,her家。早午餐,4.7,"(1,132)",$1-200,民族路101號,· 開始營業時間：06:30,https://lh3.googleusercontent.com/gps-cs-s/APNQkAFpyYIEO-WPaH5bdVVMNZNfvRTst5YadRBtTKhSaHkrTAELyCJnp8PvsSTh5R7Oacvt9xbqAwrqxRArtmCiIEb9gc8OTegPr3WDnXlKQm3JrRNsULjMV9A-xjuo9oe7KYVOZ2My=w122-h92-k-no,,,
95,https://www.google.com/maps/place/%E6%A8%82%E6%BC%A2%E5%A0%A1%E7%BE%8E%E5%BC%8F%E9%A4%90%E5%BB%B3+%E6%96%B0%E5%8C%97%E6%9D%BF%E6%A9%8B%E5%BA%97/data=!4m7!3m6!1s0x3442a81def00d2bd:0x84f8ac011a3996da!8m2!3d25.0142505!4d121.4680234!16s%2Fg%2F11dz1kbklc!19sChIJvdIA7x2oQjQR2pY5GgGs-IQ?authuser=0&hl=zh-TW&rclk=1,樂漢堡美式餐廳 新北板橋店,4.7,"(3,788)",$400-600,漢生東路133號,· 開始營業時間：11:00,https://lh3.googleusercontent.com/gps-cs-s/APNQkAFIcokxSqVnIx-nET-NdHDgtw41UF4vqBiLyKWwCnTHVKYwYXSvlIBIgdAm3_p9HnioLRc9uiQHmD3yECcMx98WpIqEvk4Fh6PEFh6W3DlTcVANMUZpUrNqJdm7IvFINg-FbgQ=w122-h92-k-no,外送,https://www.google.com/searchviewer/42?cvd=CLw_EicKJeICIjIgEhkiF9LX29IPEQoNL2cvMTFkejFrYmtsYxgAOgMI8A0%3D&g2lbs=AIBNGdXs84ULFGJJJWZSTNnERwjdl4dExHk5AfAxA0foM_0XhP8qSsAM7FCrQNZqoL5isrm_idi0&hl=zh-Hant-TW&gl=tw&fo_m=MfohQo559jFvMUOzJVpjPL1YMfZ3bInYwBDuMfaXTPp5KXh-&utm_source=tactile&gei=7S_yaYvwGofw1e8P_aLB-QY&ei=7S_yaYvwGofw1e8P_aLB-QY&fo_s=OA&opi=79508299&ebb=1&cs=0&foub=mcpp,線上點餐
96,https://www.google.com/maps/place/%E8%B7%AF%E6%98%93%E8%8E%8E%E5%92%96%E5%95%A1+%E6%96%B0%E6%9D%BF%E5%B8%82%E5%BA%9C%E5%BA%97/data=!4m7!3m6!1s0x3442a81e920a9eff:0xce58ca6ed752271a!8m2!3d25.0108202!4d121.4638916!16s%2Fg%2F11bwdhsstt!19sChIJ_54Kkh6oQjQRGidS127KWM4?authuser=0&hl=zh-TW&rclk=1,路易莎咖啡 新板市府店,4.1,(790),$1-200,新民街43號1樓,· 開始營業時間：07:00,https://lh3.googleusercontent.com/gps-cs-s/APNQkAFLW2dfLMf-vc5yxE-fvQ7nWsmqT7cwHVjmFnX0OGfAh5OosOlw8pJlUHjfP_kOzXp-e2y-oP7KybOPE7F29hsuuqqNKVCJ4aFRNqNYXOERl7pkY3LdqC3X_dh93_0vqN_n9W-3=w122-h92-k-no,外送,https://www.google.com/searchviewer/42?cvd=CLw_EicKJeICIjIgEhkiF9LX29IPEQoNL2cvMTFid2Roc3N0dBgAOgMI8A0%3D&g2lbs=AIBNGdX3NTHoE7ZZOSA_aGfEwgP4FETlLsc1VTJFrguBhN7Zl0MwOp_VOdUf_PBVKP8ZHIwi5MBt&hl=zh-Hant-TW&gl=tw&fo_m=MfohQo559jFvMUOzJVpjPL1YMfZ3bInYwBDuMfaXTPp5KXh-&utm_source=tactile&gei=7S_yaYvwGofw1e8P_aLB-QY&ei=7S_yaYvwGofw1e8P_aLB-QY&fo_s=OA&opi=79508299&ebb=1&cs=0&foub=mcpp,線上點餐
97,https://www.google.com/maps/place/L%E2%80%99id%C3%A9e+Sweet+%E6%99%82%E7%94%9C%EF%BC%88%E6%9D%BF%E6%A9%8B%E5%BA%97%EF%BC%89/data=!4m7!3m6!1s0x3468039c441baa9f:0xea840efabd252ba9!8m2!3d25.0092845!4d121.4556362!16s%2Fg%2F11f62tdp9f!19sChIJn6obRJwDaDQRqSslvfoOhOo?authuser=0&hl=zh-TW&rclk=1,L’idée Sweet 時甜（板橋店）,4.1,(844),$$,倉後街18號,· 開始營業時間：12:00,https://lh3.googleusercontent.com/gps-cs-s/APNQkAHtmBoF43Kvxt91BdC4DYlhowgV4GcuczFY6Iurtbn65_iZkvC_4A1ElNbqN0JrJ0WycnThzwVDaHvtCl6fHU7cOd0E8v8pAWvxvEY3LR8N_XrKh24EakR083udwh5Gbe7a9es9wcJ0ejI=w80-h106-k-no,外送,,
98,https://www.google.com/maps/place/Louisa+Coffee+%E8%B7%AF%E6%98%93%E8%8E%8E%E5%92%96%E5%95%A1%28%E6%9D%BF%E6%A9%8B%E6%96%87%E5%8C%96%E9%96%80%E5%B8%82%29/data=!4m7!3m6!1s0x3442a817ac127c6d:0xaf79b238802462b0!8m2!3d25.0198695!4d121.4656391!16s%2Fg%2F11b6sy1ks4!19sChIJbXwSrBeoQjQRsGIkgDiyea8?authuser=0&hl=zh-TW&rclk=1,Louisa Coffee 路易莎咖啡(板橋文化門市),3.5,"(1,150)",$1-200,文化路一段309之37號309之37號,· 開始營業時間：08:00,https://lh3.googleusercontent.com/gps-cs-s/APNQkAGuPLc-YAvp4RzANq8hVefhrPG6GDU7_NYEoIRXeUnWNPdVs4CJ6f0GEjTi_V3YAjluyCy7z0jDyEhmP6PRoAgsyJ5P9k05DtWqda8I3KraG8217I8ANaqihxn0cVc0OV369nDq=w122-h92-k-no,外送,https://www.google.com/searchviewer/42?cvd=CLw_EicKJeICIjIgEhkiF9LX29IPEQoNL2cvMTFiNnN5MWtzNBgBOgMI8A0%3D&g2lbs=AIBNGdX7rGwPDNbW4M2TcLhWVyLJsfy4vAnnL57bA1-0xwCRWominraVmDItfHe_QxDTLeISny3o&hl=zh-Hant-TW&gl=tw&fo_m=MfohQo559jFvMUOzJVpjPL1YMfZ3bInYwBDuMfaXTPp5KXh-&utm_source=tactile&gei=7S_yaYvwGofw1e8P_aLB-QY&ei=7S_yaYvwGofw1e8P_aLB-QY&fo_s=OA&opi=79508299&orderType=1&ebb=1&cs=0&foub=mcpp,線上點餐
99,https://www.google.com/maps/place/%E7%9F%A5%E8%A6%BA%E5%84%AA%E6%A0%BC-%E6%9D%BF%E6%A9%8B%E5%B0%8F%E9%81%A0%E7%99%BE%E5%B0%88%E6%AB%83/data=!4m7!3m6!1s0x3442a92e2d9d0d17:0x59a7e120308b5900!8m2!3d25.0109049!4d121.46422!16s%2Fg%2F11t4gxmm6t!19sChIJFw2dLS6pQjQRAFmLMCDhp1k?authuser=0&hl=zh-TW&rclk=1,知覺優格-板橋小遠百專櫃,5.0,(165),,"B1, No. 152號中山路一段",· 開始營業時間：11:00,https://lh3.googleusercontent.com/gps-cs-s/APNQkAEXP_5N6GeVEsHlhwHMGMOcYEAUYU9JwuOPKiCrec8-vc6r2IV9K8nQx6CdGnFyi4OJ3NVEZhm7foeCgAHfoNS4R5b09nlwK_eFE5YkRPUDE9Kk9FS6RQhN7bAIYqUWn8t0nM5c=w110-h92-k-no,,,
100,https://www.google.com/maps/place/%E9%87%91%E6%98%A5%E5%96%9C%E9%9F%93%E5%BB%9A-%E8%AA%A0%E5%93%81%E6%9D%BF%E6%A9%8B%E5%BA%97/data=!4m7!3m6!1s0x3442a912ecd06ee3:0xdc6213fa8fda840c!8m2!3d25.0087551!4d121.4607384!16s%2Fg%2F11qmb403q2!19sChIJ427Q7BKpQjQRDITaj_oTYtw?authuser=0&hl=zh-TW&rclk=1,金春喜韓廚-誠品板橋店,4.9,"(4,801)",$200-400,中山路一段46號5樓,· 開始營業時間：11:00,,,https://www.google.com/searchviewer/42?cvd=CLw_EicKJeICIjIgEhkiF9LX29IPEQoNL2cvMTFxbWI0MDNxMhgBOgMI8A0%3D&g2lbs=AIBNGdU--EcuAiabi-dWQiKgTYW7exS8AMd8tzSKAHsxMa32PIZKyYxUstFtEBemnJE_1kaqDFYN&hl=zh-Hant-TW&gl=tw&fo_m=MfohQo559jFvMUOzJVpjPL1YMfZ3bInYwBDuMfaXTPp5KXh-&utm_source=tactile&gei=CTDyae3OFeGfvr0P2qitmQ0&ei=CTDyae3OFeGfvr0P2qitmQ0&fo_s=OA&opi=79508299&orderType=1&ebb=1&cs=0&foub=mcpp,線上點餐
101,https://www.google.com/maps/place/%E7%B4%85%E5%88%A9%E5%92%96%E5%95%A1+%28%E4%B8%8D%E6%8E%A5%E5%BE%85%E5%9B%9B%E4%BD%8D%E4%BB%A5%E4%B8%8A%29/data=!4m7!3m6!1s0x3442a90c75757961:0x1ff5810d2b4e8283!8m2!3d25.0101478!4d121.4598592!16s%2Fg%2F11kpxvqy54!19sChIJYXl1dQypQjQRg4JOKw2B9R8?authuser=0&hl=zh-TW&rclk=1,紅利咖啡 (不接待四位以上),4.9,(219),$200-400,明德街4號,,,,,
102,https://www.google.com/maps/place/%E7%B4%85%E5%88%A9%E5%92%96%E5%95%A1+%28%E4%B8%8D%E6%8E%A5%E5%BE%85%E5%9B%9B%E4%BD%8D%E4%BB%A5%E4%B8%8A%29/data=!4m7!3m6!1s0x3442a90c75757961:0x1ff5810d2b4e8283!8m2!3d25.0101478!4d121.4598592!16s%2Fg%2F11kpxvqy54!19sChIJYXl1dQypQjQRg4JOKw2B9R8?authuser=0&hl=zh-TW&rclk=1,紅利咖啡 (不接待四位以上),4.9,(219),$200-400,明德街4號,,https://lh3.googleusercontent.com/gps-cs-s/APNQkAGfFrGZZxCzPqUDvHNA4oinkCGB7nzVCbElU-zBWg-lbVdjINvQdSPbh-JN9vffQwfRbdAYx0Ebi13PJY55JxtZBBkmn7yZeEIGM4YgovcwVUpOCBX7WnpvSPPUwgSNO7irOxY8Oz4kJLIg=w80-h106-k-no,,,
103,https://www.google.com/maps/place/%E4%B8%8A%E5%B3%B6%E7%8F%88%E7%90%B2%E5%BA%97+%E8%AA%A0%E5%93%81%E6%96%B0%E6%9D%BF%E5%BA%97/data=!4m7!3m6!1s0x3442a95c23f1e757:0x552e28cd7c50fe7a!8m2!3d25.0123988!4d121.4632062!16s%2Fg%2F11grbvpx_1!19sChIJV-fxI1ypQjQRev5QfM0oLlU?authuser=0&hl=zh-TW&rclk=1,上島珈琲店 誠品新板店,3.8,(700),$200-400,縣民大道二段66號,· 開始營業時間：08:00,https://lh3.googleusercontent.com/gps-cs-s/APNQkAE9Ch-RiHY3SLAzQhnFzm5ixmWEPuftOEh0oJ-Q1SqLyySeaq2dhDjGVAmGeGkpganCZdpE-0lZx2TI5SXm81jdqh_UidZtS3WKv5Sd9Cr5sOM2PokJoZS4k4ftWkMouQjeOZ4D=w127-h92-k-no,外送,https://www.google.com/searchviewer/42?cvd=CLw_EicKJeICIjIgEhkiF9LX29IPEQoNL2cvMTFncmJ2cHhfMRgAOgMI8A0%3D&g2lbs=AIBNGdVNry-v_MD4VvCDUiL3lHn9dMJgm7fk0EhFOZO5C0f8uhPIp9xeqFwfhlBv0Q75c9JKRt9c&hl=zh-Hant-TW&gl=tw&fo_m=MfohQo559jFvMUOzJVpjPL1YMfZ3bInYwBDuMfaXTPp5KXh-&utm_source=tactile&gei=CTDyae3OFeGfvr0P2qitmQ0&ei=CTDyae3OFeGfvr0P2qitmQ0&fo_s=OA&opi=79508299&ebb=1&cs=0&foub=mcpp,線上點餐
104,https://www.google.com/maps/place/Toast+Box%E5%9C%9F%E5%8F%B8%E5%B7%A5%E5%9D%8A-%E6%9D%BF%E6%A9%8B%E5%A4%A7%E9%81%A0%E7%99%BE%E5%BA%97/data=!4m7!3m6!1s0x3442a81902938d21:0x698eef7f0f5cfd13!8m2!3d25.0138803!4d121.4667569!16s%2Fg%2F11g_nnr8l!19sChIJIY2TAhmoQjQRE_1cD3_vjmk?authuser=0&hl=zh-TW&rclk=1,Toast Box土司工坊-板橋大遠百店,3.5,(830),$200-400,新站路28號,· 開始營業時間：11:00,https://lh3.googleusercontent.com/gps-cs-s/APNQkAEi5uPe1VQJZIBzN1A-3_lqmiW9ZwWLSxT-eOBSlZKSzeLpbcBwlyF_tACmBC2n6GLcwcyWFimtH2D9Z_FwfirlTfO11AgQrnqRQCuXxjXCkvEvi0hgeaCtisyINF4DQ7eqf6E9=w122-h92-k-no,外送,,
105,https://www.google.com/maps/place/%E6%98%9F%E5%B7%B4%E5%85%8B+%E6%9D%BF%E6%A9%8B%E8%BB%8A%E7%AB%99%E9%96%80%E5%B8%82/data=!4m7!3m6!1s0x3442a81eec765801:0xe699ed9a7563a06d!8m2!3d25.0141996!4d121.4642604!16s%2Fg%2F1t_tg_8p!19sChIJAVh27B6oQjQRbaBjdZrtmeY?authuser=0&hl=zh-TW&rclk=1,星巴克 板橋車站門市,3.5,(763),$1-200,縣民大道二段7號B1,· 開始營業時間：06:00,https://lh3.googleusercontent.com/gps-cs-s/APNQkAH995xWLUalZ2Mj1Vr0s6704nfcV47u0e9NZxITxdt-K3R0oTTsSIf7cCPoVj2O0hXRvAdxtmc3QjbNg0SXMWH1YWNYNrJqyCnWmFvTGkpDHG1j3zWhGxfB16ewZMc8kcisENGv_Q=w122-h92-k-no,外送,,
106,https://www.google.com/maps/place/%E8%AA%A0%E5%93%81%E7%94%9F%E6%B4%BB%E6%9D%BF%E6%A9%8B%E5%BA%97/data=!4m7!3m6!1s0x3442a81d8f6f80a7:0x3757d7b4a188054e!8m2!3d25.008811!4d121.4608282!16s%2Fg%2F1tsygx6_!19sChIJp4Bvjx2oQjQRTgWIobTXVzc?authuser=0&hl=zh-TW&rclk=1,誠品生活板橋店,4.2,"(10,737)",,中山路一段46號,· 開始營業時間：11:00,https://lh3.googleusercontent.com/gps-cs-s/APNQkAFBBU2Teta2LMAYaZkmfcMRn9dwGNmMizoxzW6M_ZOUcIeYaSHS2Syu25XxM3YDaNbjhNNPtUancAkPqobWmqLS75K-vkNt06hRlkzBAWktLZlw9XNfzHP1KgmCnSGWD0Ew-Npp=w122-h92-k-no,,,
107,https://www.google.com/maps/place/%E6%98%9F%E5%B7%B4%E5%85%8B+%E6%9D%BF%E4%B8%AD%E9%96%80%E5%B8%82/data=!4m7!3m6!1s0x346802a77f152953:0x4c8514c5b62ef8f0!8m2!3d25.0083622!4d121.4600574!16s%2Fg%2F1tqtvmld!19sChIJUykVf6cCaDQR8PgutsUUhUw?authuser=0&hl=zh-TW&rclk=1,星巴克 板中門市,4.0,"(1,729)",$1-200,中山路一段15號,· 開始營業時間：06:30,https://lh3.googleusercontent.com/gps-cs-s/APNQkAHrichO_iyrdGuJRi29SVx1GP8iI-jT-LAlaoT8UlyRuhtBDHR1qaT22t7dIy5CY_a0PSfiUd508hi9PDR-HVno-eycLOuSZovVNModEDkOFwB2ZnjbrlWGf1SolV0DTQq1VyQ9rw=w122-h92-k-no,外送,,
108,"https://www.google.com/maps/place/%E5%96%AC%E5%B0%BC%E4%BA%9E%E5%92%96%E5%95%A1+%E6%9D%BF%E6%A9%8B%E5%A4%A7%E9%81%A0%E7%99%BE%E5%BA%97+%28Breville,+Delonghi%E5%92%96%E5%95%A1%E6%A9%9F%E9%AB%94%E9%A9%97%E5%BA%97%29/data=!4m7!3m6!1s0x3442a818ec081e07:0xe35cbe50bc0857be!8m2!3d25.0138643!4d121.4664739!16s%2Fg%2F11cs5zz5yg!19sChIJBx4I7BioQjQRvlcIvFC-XOM?authuser=0&hl=zh-TW&rclk=1","喬尼亞咖啡 板橋大遠百店 (Breville, Delonghi咖啡機體驗店)",3.7,(22),,新站路28號遠東大樓 Mega Tower7樓,· 開始營業時間：11:00,https://lh3.googleusercontent.com/gps-cs-s/APNQkAEi6n6arFAPsq8PQuhhFFbhM1UcX5TBHeKBBm2pA91TSnKmEoPSGHzFuQWNn4FNgEVR19keiOPVR4a09ZlmbENqsOUpnQUqsw_bo4t4ao6Z2t6ZPEVp8WGBcG9TmvtkxaW6rKxLCg=w80-h106-k-no,無外送服務,,
109,https://www.google.com/maps/place/Louisa+Coffee+%E8%B7%AF%E6%98%93%E8%8E%8E%E5%92%96%E5%95%A1%28%E6%9D%BF%E6%A9%8B%E7%92%B0%E7%90%83%E9%96%80%E5%B8%82%29/data=!4m7!3m6!1s0x3442a90a9e06a50b:0xdb712c92ef2a3531!8m2!3d25.0142426!4d121.4636617!16s%2Fg%2F11fd4hs1j4!19sChIJC6UGngqpQjQRMTUq75Iscds?authuser=0&hl=zh-TW&rclk=1,Louisa Coffee 路易莎咖啡(板橋環球門市),2.4,(416),$1-200,縣民大道二段7號 號 B1,· 開始營業時間：06:30,https://lh3.googleusercontent.com/gps-cs-s/APNQkAG79iarDRW1rN4KY88SuWmc963159uMoT9kHYVrEyLz8yUGpxTdM__J2AYQ2lTn4Fc5U3HZe6qUgefwLnjfRZhYLsQZrkeDRBB5IeXlyErDRyUBBf7S-0SbNU5kJxjevlNrlmNf=w122-h92-k-no,,https://www.google.com/searchviewer/42?cvd=CLw_EicKJeICIjIgEhkiF9LX29IPEQoNL2cvMTFmZDRoczFqNBgBOgMI8A0%3D&g2lbs=AIBNGdWTf0DKZNgwJeVLk8dL2cxY80AHFTmT0VdJdgrbiQIPxfFdEq9pHntyQFVrPyTjqv4PQaZt&hl=zh-Hant-TW&gl=tw&fo_m=MfohQo559jFvMUOzJVpjPL1YMfZ3bInYwBDuMfaXTPp5KXh-&utm_source=tactile&gei=CTDyae3OFeGfvr0P2qitmQ0&ei=CTDyae3OFeGfvr0P2qitmQ0&fo_s=OA&opi=79508299&orderType=1&ebb=1&cs=0&foub=mcpp,線上點餐
110,,,,,,,,,,,